#,Name,Price,Description,Image
1,Mercedes-Benz C-Класс AMG,$ 46 000,"2015 г., 4 л., автомат седан, бензин руль слева, 1 000 км",https://im.mashina.kg/tachka/images//6/4/6/6469a6e4d4eb7c7040a969a9fd196066_240x180.jpg
2,BMW X7,$ 125 000,"2019 г., 3 л., автомат внедорожник 5 дв., бензин руль слева, 19 000 км",https://im.mashina.kg/tachka/images//c/7/f/c7fcf310d38589be966f8c580a024c75_240x180.jpg
3,Land Rover Range Rover,$ 125 000,"2018 г., 3 л., автомат внедорожник 5 дв., дизель руль слева, 59 546 км",https://im.mashina.kg/tachka/images//0/0/d/00d24a5a74ac983380045c330fd2412e_240x180.jpg
4,Lexus NX,$ 36 000,"2015 г., 2.5 л., вариатор внедорожник 5 дв., гибрид руль слева, 100 000 км",https://im.mashina.kg/tachka/images//6/6/6/666ce68851dd8431dc9ee0e5570d0bbd_240x180.jpg
5,Kia Sorento,$ 19 999,"2017 г., 2.4 л., автомат внедорожник 5 дв., бензин руль слева, 10 000 км",https://im.mashina.kg/tachka/images//6/a/2/6a2165ce610c67d87d23b4cc7abc0fcc_240x180.jpg
6,Kia Sportage,$ 21 500,"2016 г., 2 л., автомат внедорожник 5 дв., дизель руль слева, 130 000 км",https://im.mashina.kg/tachka/images//e/b/9/eb9026451a2cb6d7b9004ad8fac492e5_240x180.jpg
7,BMW X5,$ 129 800,"2022 г., 3 л., автомат внедорожник 5 дв., бензин руль слева, 1 400 км",https://im.mashina.kg/tachka/images//1/c/5/1c50e0745946419e5c3053d5cf3b5017_240x180.jpg
8,BMW X7,$ 115 000,"2020 г., 3 л., автомат внедорожник 5 дв., бензин руль слева, 60 000 км",https://im.mashina.kg/tachka/images//1/e/a/1eac9dec0fdda41c5508ecab129c413c_240x180.jpg
9,Toyota Avalon,$ 39 000,"2019 г., 2.5 л., вариатор седан, гибрид руль слева, 56 000 км",https://im.mashina.kg/tachka/images//6/4/5/6453349c500e513354f276a9e8a4ac29_240x180.jpg
10,Lexus RX,$ 86 000,"2020 г., 3.5 л., автомат внедорожник 5 дв., бензин руль слева, 21 000 км",https://im.mashina.kg/tachka/images//d/5/3/d5360f1bd96c28ab6cb7da50cce3e832_240x180.jpg
11,Toyota Camry,$ 38 000,"2018 г., 3.5 л., автомат седан, бензин руль слева, 95 000 км",https://im.mashina.kg/tachka/images//6/c/5/6c5fa76953f3e35ed6d404cdb5eee860_240x180.jpg
12,Toyota Camry,$ 25 900,"2018 г., 2.5 л., автомат седан, бензин руль слева, 65 000 км",https://im.mashina.kg/tachka/images//2/e/c/2ec622b1ec9cefae19dbf49271378bf6_240x180.jpg
13,Toyota Avensis,$ 7 800,"2003 г., 2 л., автомат седан, бензин руль слева, 280 000 км",https://im.mashina.kg/tachka/images//1/4/6/146ebf1cf4f99a2a24af601b9183a235_240x180.jpg
14,Kia K5 II Седан,$ 14 500,"2017 г., 2 л., автомат седан, газ руль слева, 133 000 км",https://im.mashina.kg/tachka/images//0/e/2/0e27df258bf3a71ed7f6c04224ddd561_240x180.jpg
15,Lexus GX,$ 33 500,"2010 г., 4.6 л., автомат внедорожник 5 дв., бензин руль слева, 125 000 км",https://im.mashina.kg/tachka/images//2/5/9/259d98a35ed82c250a1c822b9de63966_240x180.jpg
16,Chevrolet Volt,$ 13 000,"2013 г., 1.4 л., вариатор хэтчбек 5 дв., гибрид руль слева, 100 000 км",https://im.mashina.kg/tachka/images//6/c/3/6c3cae6bf9a42c68ef810930c6fd077b_240x180.jpg
17,Hyundai Sonata,$ 13 000,"2019 г., автомат седан, газ руль слева, 350 000 км",https://im.mashina.kg/tachka/images//2/d/a/2da834c4692d29c20c63b4bce5f5402b_240x180.jpg
18,Honda Fit,$ 6 700,"2004 г., 1.3 л., вариатор хэтчбек 5 дв., бензин руль слева, 210 000 км",https://im.mashina.kg/tachka/images//d/2/2/d2217d5b29f18ea3b64967813eb2c68e_240x180.jpg
19,BMW X5,$ 15 900,"2004 г., 4.4 л., автомат внедорожник 5 дв., бензин руль слева, 245 000 км",https://im.mashina.kg/tachka/images//5/2/4/52404075f5f647d73e680636ea5f5e14_240x180.jpg
20,Toyota Camry,$ 26 500,"2017 г., 2.5 л., автомат седан, бензин руль слева, 94 000 км",https://im.mashina.kg/tachka/images//3/7/b/37bcd2afc6ba1f364dd7aa8b312bf5f5_240x180.jpg
21,Toyota Prius,$ 13 500,"2013 г., 1.8 л., автомат хэтчбек 5 дв., гибрид руль слева, 80 000 км",https://im.mashina.kg/tachka/images//d/7/8/d783198e0aa7747889b35cd20f2fcd82_240x180.jpg
22,Kia Sportage,$ 20 500,"2016 г., 2 л., автомат внедорожник 5 дв., дизель руль слева, 121 000 км",https://im.mashina.kg/tachka/images//f/1/1/f113d51c33bb3f482c058c9b7ac924e4_240x180.jpg
23,Honda Civic,$ 4 037,"2000 г., 1.5 л., автомат хэтчбек 5 дв., бензин руль справа, 280 000 км",https://im.mashina.kg/tachka/images//5/a/1/5a14a808888e0044c17318a4b3c512d7_240x180.jpg
24,Toyota 4Runner,$ 44 900,"2019 г., 4 л., автомат внедорожник 5 дв., бензин руль слева, 41 000 км",https://im.mashina.kg/tachka/images//5/d/7/5d7919221df5225e9a4c1f511bc0c8ed_240x180.jpg
25,Toyota Highlander,$ 24 000,"2011 г., 3.5 л., автомат внедорожник 5 дв., бензин руль слева, 195 000 км",https://im.mashina.kg/tachka/images//4/d/7/4d764e29a92df50aef9cea6932f1b5d8_240x180.jpg
26,Volkswagen Golf,$ 1 961,"1995 г., 1.8 л., механика хэтчбек 5 дв., бензин руль слева, 35 000 км",https://im.mashina.kg/tachka/images//0/4/d/04db79c1bcdc031725b18d1bfa658cf3_240x180.jpg
27,BMW X5,$ 37 500,"2016 г., 3 л., автомат внедорожник 5 дв., бензин руль слева, 96 000 км",https://im.mashina.kg/tachka/images//7/b/c/7bc6e8b6d854192be036960208535e26_240x180.jpg
28,BMW 5 Серия,$ 46 500,"2017 г., 3 л., автомат седан, бензин руль слева, 80 000 км",https://im.mashina.kg/tachka/images//1/d/6/1d6a5b7da0bd075a140d5b16f7156af1_240x180.jpg
29,Toyota Corolla,$ 7 382,"2004 г., 1.6 л., механика хэтчбек 5 дв., бензин руль слева, 270 000 км",https://im.mashina.kg/tachka/images//e/9/5/e9565da94adcc1c5369bcaf23665a917_240x180.jpg
30,Hyundai Grandeur,$ 23 999,"2018 г., 2.4 л., автомат седан, гибрид руль слева, 19 800 км",https://im.mashina.kg/tachka/images//3/c/1/3c1549f1dc92ad6ed7f2d5f9f32fbfa3_240x180.jpg
31,Toyota Camry,$ 15 800,"2011 г., 2.4 л., автомат седан, бензин руль слева, 129 000 км",https://im.mashina.kg/tachka/images//5/1/6/5165c04036c66a9bb0f638c4dcab5422_240x180.jpg
32,Kia Sorento,$ 25 500,"2017 г., 2.2 л., автомат внедорожник 5 дв., дизель руль слева, 77 500 км",https://im.mashina.kg/tachka/images//2/c/b/2cb6dfcedba38b5b6e74b8e06d959c10_240x180.jpg
33,Kia Sportage,$ 18 200,"2016 г., 1.7 л., робот внедорожник 5 дв., дизель руль слева, 97 000 км",https://im.mashina.kg/tachka/images//2/6/9/26960cf1200891a94cd96a4919b9159e_240x180.jpg
34,Toyota Highlander,$ 58 000,"2021 г., 2.5 л., автомат внедорожник 5 дв., гибрид руль слева, 6 000 км",https://im.mashina.kg/tachka/images//5/0/c/50c73140961007d5b8c8a08526498012_240x180.jpg
35,Toyota RAV4,$ 26 500,"2017 г., 2.5 л., вариатор внедорожник 5 дв., гибрид руль слева, 55 000 км",https://im.mashina.kg/tachka/images//8/0/4/8048acfd7b616dfe8f4cf8c9960812b3_240x180.jpg
36,Kia Sportage,$ 25 200,"2017 г., 2 л., автомат внедорожник 5 дв., дизель руль слева, 91 312 км",https://im.mashina.kg/tachka/images//2/3/c/23c93a84739df5528cdc4d5b1e8560e3_240x180.jpg
37,Land Rover Range Rover Sport,$ 10 900,"2006 г., 2.7 л., автомат внедорожник 5 дв., дизель руль слева, 358 000 км",https://im.mashina.kg/tachka/images//6/9/0/69069a0ab19136dcd3e0853e90358fe9_240x180.jpg
38,Lexus ES,$ 22 800,"2012 г., 2.5 л., автомат седан, бензин руль слева, 180 000 км",https://im.mashina.kg/tachka/images//a/8/d/a8d6dccdd193874d39f1de0d2e5e2e0f_240x180.jpg
39,Toyota Land Cruiser,$ 38 000,"2011 г., 4.7 л., автомат внедорожник 5 дв., бензин руль слева, 200 000 км",https://im.mashina.kg/tachka/images//5/1/a/51a7c82351514f8efb46da2971cbdb64_240x180.jpg
40,Audi Q7,$ 11 500,"2007 г., 4.2 л., автомат внедорожник 5 дв., бензин руль слева, 266 000 км",https://im.mashina.kg/tachka/images//f/d/1/fd178b78047478e671d03a28befe521a_240x180.jpg
41,Subaru Legacy,$ 7 550,"2004 г., 3 л., автомат седан, бензин руль справа, 249 726 км",https://im.mashina.kg/tachka/images//6/f/5/6f53c9c165f4ab87a4be164c58adc3cd_240x180.jpg
42,Toyota Avalon,$ 39 500,"2019 г., 2.5 л., вариатор седан, гибрид руль слева, 76 000 км",https://im.mashina.kg/tachka/images//5/6/4/564ce9cbb720ca1ddf8fa28ed3e1ba95_240x180.jpg
43,Toyota Sequoia,$ 28 800,"2008 г., 5.7 л., автомат внедорожник 5 дв., бензин руль слева, 196 000 км",https://im.mashina.kg/tachka/images//6/7/f/67f78da0ae541d3cff0ad0640440ae69_240x180.jpg
44,Nissan Patrol,$ 44 000,"2014 г., 5.6 л., автомат внедорожник 5 дв., бензин руль слева, 130 000 км",https://im.mashina.kg/tachka/images//6/b/6/6b642456a04a874d77124e141b7286ef_240x180.jpg
45,Honda Accord,$ 9 000,"2004 г., 2 л., автомат седан, бензин руль слева, 182 000 км",https://im.mashina.kg/tachka/images//2/6/b/26b14a3780d52ec15792a08766246b09_240x180.jpg
46,Mercedes-Benz E-класс,$ 9 900,"2009 г., 2.1 л., автомат седан, дизель руль слева, 1 000 км",https://im.mashina.kg/tachka/images//e/2/0/e208cdf17dc7228693c2acfb53826688_240x180.jpg
47,Toyota Camry,$ 17 800,"2017 г., 2.5 л., автомат седан, бензин руль слева, 180 000 км",https://im.mashina.kg/tachka/images//8/4/4/844d58249dd922396e29a6b138be1920_240x180.jpg
48,Mercedes-Benz E-класс,$ 8 888,"2005 г., 1.8 л., автомат седан, бензин руль слева, 199 220 км",https://im.mashina.kg/tachka/images//1/0/0/100426fc0ef4124c0e14aedc5a51726b_240x180.jpg
49,Kia K5 II Седан,$ 14 700,"2017 г., 2 л., автомат седан, газ руль слева, 232 000 км",https://im.mashina.kg/tachka/images//5/7/2/57278854ff959972af1af12b60b57f3e_240x180.jpg
50,BMW X5,$ 110 000,"2021 г., 4.4 л., автомат внедорожник 5 дв., бензин руль слева, 12 000 км",https://im.mashina.kg/tachka/images//e/d/6/ed61438ce0bf1601c1ff755588e37489_240x180.jpg
51,Lexus LX,$ 38 500,"2008 г., 5.7 л., автомат внедорожник 5 дв., бензин руль слева, 159 000 км",https://im.mashina.kg/tachka/images//8/c/a/8ca83c44a5df0d6d252e6327cc9b7556_240x180.jpg
52,Hyundai Santa Fe,$ 23 700,"2016 г., 2 л., автомат внедорожник 5 дв., дизель руль слева, 135 000 км",https://im.mashina.kg/tachka/images//6/c/b/6cb89503e4fe3942393c40baff0efe11_240x180.jpg
53,Weltmeister EX5,$ 23 000,"2022 г., автомат внедорожник 5 дв., электро руль слева, 100 км",https://im.mashina.kg/tachka/images//d/b/7/db7e6b2cc498c28a38b23179f0b9a47d_240x180.jpg
54,BMW 5 Серия,$ 45 000,"2017 г., 2 л., автомат седан, дизель руль слева, 87 000 км",https://im.mashina.kg/tachka/images//7/3/c/73cf769e514d15e1192bdd4057c396e6_240x180.jpg
55,Mercedes-Benz E-класс,$ 9 500,"2003 г., 5 л., автомат седан, бензин руль слева, 200 000 км",https://im.mashina.kg/tachka/images//a/6/9/a69e370cd3939d27679f52690a793536_240x180.jpg
56,BMW X6 M,$ 24 000,"2010 г., 4.4 л., автомат внедорожник 5 дв., бензин руль слева, 190 006 км",https://im.mashina.kg/tachka/images//3/3/2/332b752e9947ebf249f3147487751e76_240x180.jpg
57,Toyota Camry,$ 34 450,"2018 г., 3.5 л., автомат седан, бензин руль слева, 77 000 км",https://im.mashina.kg/tachka/images//3/2/b/32b933f0f67b48968b53762b58a18074_240x180.jpg
58,Lexus ES,$ 11 500,"2003 г., 3 л., автомат седан, бензин руль слева, 182 000 км",https://im.mashina.kg/tachka/images//6/1/8/6184f58035b3baca03c341e5a7412519_240x180.jpg
59,Kia Ceed,$ 7 500,"2007 г., 1.6 л., автомат хэтчбек 5 дв., бензин руль слева, 160 000 км",https://im.mashina.kg/tachka/images//d/1/a/d1a1893da9733a77486b0f92737807c3_240x180.jpg
60,Toyota Alphard,$ 10 800,"2003 г., 3 л., автомат минивэн, бензин руль справа, 185 000 км",https://im.mashina.kg/tachka/images//0/1/7/017edb7b785f0f5e4fb46e348ca65b9f_240x180.jpg
61,Toyota Camry,$ 35 500,"2020 г., 2.5 л., автомат седан, бензин руль слева, 55 000 км",https://im.mashina.kg/tachka/images//7/0/6/70698a8c7eb120cca309138ca1714a3c_240x180.jpg
62,Toyota Prius,$ 24 500,"2018 г., 1.8 л., автомат хэтчбек 5 дв., гибрид руль слева, 112 000 км",https://im.mashina.kg/tachka/images//d/d/1/dd1cb03600c7b0322e618788d45171de_240x180.jpg
63,Toyota Camry,$ 22 500,"2018 г., 2.5 л., автомат седан, бензин руль слева, 193 000 км",https://im.mashina.kg/tachka/images//e/c/c/ecc1b540263ff2601c01e0b82cb9d0a4_240x180.jpg
64,Kia Carnival,$ 30 500,"2018 г., 2.2 л., автомат минивэн, дизель руль слева, 152 000 км",https://im.mashina.kg/tachka/images//f/0/7/f07407acac15b0ae68e2c66a00835356_240x180.jpg
65,Hyundai Sonata,$ 13 950,"2016 г., 2 л., автомат седан, газ руль слева, 133 000 км",https://im.mashina.kg/tachka/images//1/f/c/1fccf98b1e64ca95ff626825f233c0c9_240x180.jpg
66,Toyota Camry,$ 12 800,"2010 г., 2.5 л., автомат седан, бензин руль слева, 147 000 км",https://im.mashina.kg/tachka/images//e/2/9/e2989b94a75cf98da4261d6ad2659560_240x180.jpg
67,Honda Stepwgn,$ 9 500,"2005 г., 2 л., автомат минивэн, бензин руль справа, 300 000 км",https://im.mashina.kg/tachka/images//7/c/7/7c7729d7d262be3ca25d53bf885676aa_240x180.jpg
68,Lexus RX,$ 28 000,"2011 г., 3.5 л., вариатор внедорожник 5 дв., гибрид руль слева, 135 000 км",https://im.mashina.kg/tachka/images//a/6/f/a6f4a7d366c4379dce7f6810a39e4d88_240x180.jpg
69,Kia Mohave (Borrego),$ 61 000,"2020 г., 3 л., автомат внедорожник 5 дв., дизель руль слева, 27 000 км",https://im.mashina.kg/tachka/images//9/6/a/96a5e7c07e6d0377cfd2653bb19420ad_240x180.jpg
70,Lexus RX,$ 15 700,"2003 г., 3.3 л., автомат внедорожник 5 дв., бензин руль слева, 18 888 км",https://im.mashina.kg/tachka/images//a/4/6/a461e33007ac3f0c7dce30f748eb5239_240x180.jpg
71,Subaru Outback,$ 9 200,"2003 г., 2.5 л., автомат универсал, бензин руль справа, 225 000 км",https://im.mashina.kg/tachka/images//7/6/7/7679a2e853a603354d6ba97d66fe0f19_240x180.jpg
72,Nissan Leaf,$ 10 900,"2013 г., вариатор хэтчбек 5 дв., электро руль слева, 189 000 км",https://im.mashina.kg/tachka/images//0/2/9/029957f27dedc73ca0faab2ca548bee4_240x180.jpg
73,Toyota RAV4,$ 37 000,"2021 г., 2.5 л., вариатор внедорожник 5 дв., гибрид руль слева, 20 760 км",https://im.mashina.kg/tachka/images//4/1/3/4132b65b92f82b8014700bdabf088284_240x180.jpg
74,BMW X5,$ 12 500,"2004 г., 4.4 л., автомат внедорожник 5 дв., бензин руль слева, 250 000 км",https://im.mashina.kg/tachka/images//c/e/b/ceb8af5c6a7841f15b5a241f2486a455_240x180.jpg
75,Mercedes-Benz E-класс,$ 9 700,"2004 г., 3.2 л., автомат седан, бензин руль слева, 276 787 км",https://im.mashina.kg/tachka/images//d/2/1/d2108194698d4fba65de33e1484690d2_240x180.jpg
76,Toyota Camry,$ 13 000,"2013 г., 2.5 л., вариатор седан, гибрид руль слева, 186 000 км",https://im.mashina.kg/tachka/images//8/4/e/84e050458d7b58acb5fc69a6bb81fd87_240x180.jpg
77,Mercedes-Benz E-класс,$ 11 400,"2004 г., 5 л., автомат седан, бензин руль слева, 161 000 км",https://im.mashina.kg/tachka/images//f/5/a/f5a3b0e0cb5f08b15d8354051d1e5707_240x180.jpg
78,BMW 5 Серия,$ 12 500,"2003 г., 3 л., механика седан, бензин руль слева, 235 000 км",https://im.mashina.kg/tachka/images//8/d/4/8d42c12748b009b1215e4b3e93e9022f_240x180.jpg
79,Lexus CT,$ 14 900,"2012 г., 1.8 л., вариатор хэтчбек 5 дв., гибрид руль слева, 71 000 км",https://im.mashina.kg/tachka/images//e/3/3/e33bcc67aa40e28f92d254ccbd8c4862_240x180.jpg
80,Lexus GX,$ 27 200,"2008 г., 4.7 л., автомат внедорожник 5 дв., бензин руль слева, 235 000 км",https://im.mashina.kg/tachka/images//1/3/7/1375329371f1276178934586ae081d8b_240x180.jpg
81,Honda Stream,$ 9 600,"2007 г., 1.8 л., автомат компактвэн, бензин руль справа, 92 000 км",https://im.mashina.kg/tachka/images//4/1/b/41be98524f167a6419306669c0c81a8e_240x180.jpg
82,Hyundai Santa Fe,$ 19 500,"2015 г., 2 л., автомат внедорожник 5 дв., дизель руль слева, 181 000 км",https://im.mashina.kg/tachka/images//e/3/7/e37b90aa3bce997c10daa285d782d622_240x180.jpg
83,Lexus GX,$ 47 000,"2014 г., 4.6 л., автомат внедорожник 5 дв., бензин руль слева, 102 000 км",https://im.mashina.kg/tachka/images//8/a/2/8a2cb796e5b554d7ccfb084acead27cf_240x180.jpg
84,Lexus ES,$ 33 200,"2016 г., 2.5 л., вариатор седан, гибрид руль слева, 103 258 км",https://im.mashina.kg/tachka/images//f/3/e/f3e13b4a9f4adf764d4d32a67371b83d_240x180.jpg
85,Lexus LX,$ 38 800,"2010 г., 5.7 л., автомат внедорожник 5 дв., бензин руль слева, 140 000 км",https://im.mashina.kg/tachka/images//2/8/8/288e06a5ad79ae9872785aa1853a1db8_240x180.jpg
86,Mitsubishi Outlander,$ 14 800,"2016 г., 2 л., вариатор внедорожник 5 дв., бензин руль слева, 115 000 км",https://im.mashina.kg/tachka/images//0/e/c/0ec8112ba04145071a78b8e0da458f51_240x180.jpg
87,BMW X5 M,$ 58 000,"2015 г., 4.4 л., автомат внедорожник 5 дв., бензин руль слева, 112 000 км",https://im.mashina.kg/tachka/images//e/b/9/eb98b6926d88b3c4ae4955253d02a2d4_240x180.jpg
88,Lexus RX,$ 38 500,"2016 г., 3.5 л., автомат внедорожник 5 дв., бензин руль слева, 90 880 км",https://im.mashina.kg/tachka/images//7/8/4/78464de911600045f8dd8297668f3884_240x180.jpg
89,BMW 5 Серия,$ 17 500,"2016 г., 2 л., автомат седан, бензин руль слева, 100 785 км",https://im.mashina.kg/tachka/images//2/5/f/25fbed01238a746dfc118be45d3db307_240x180.jpg
90,Toyota Verso-S,$ 11 600,"2011 г., 1.3 л., вариатор хэтчбек 5 дв., бензин руль слева, 215 000 км",https://im.mashina.kg/tachka/images//d/b/8/db819ed42635013b4a74faee114c206d_240x180.jpg
91,Lexus CT,$ 18 000,"2017 г., 1.8 л., вариатор хэтчбек 5 дв., гибрид руль слева, 60 000 км",https://im.mashina.kg/tachka/images//3/3/1/3319832c9789583c1b267e03c6f4cbcd_240x180.jpg
92,Audi A7,$ 24 500,"2011 г., 3 л., робот лифтбек, бензин руль слева, 173 000 км",https://im.mashina.kg/tachka/images//d/7/a/d7aed8bd8538f0addd406319f3f49a2a_240x180.jpg
93,Hyundai Sonata,$ 14 450,"2017 г., автомат седан, газ руль слева, 340 000 км",https://im.mashina.kg/tachka/images//8/7/d/87dac6e59f1ccb0a3f67bebb5e5ea618_240x180.jpg
94,BYD Song Plus,$ 39 000,"2022 г., автомат внедорожник 5 дв., электро руль слева, 100 км",https://im.mashina.kg/tachka/images//f/5/f/f5fa517dc02ff6f7369ecc393ee980bf_240x180.jpg
95,Toyota Land Cruiser Prado,$ 73 000,"2019 г., 2.8 л., автомат внедорожник 5 дв., дизель руль слева, 35 000 км",https://im.mashina.kg/tachka/images//d/e/e/dee10a80157f20a349f8ddb08694eace_240x180.jpg
96,Hyundai i40,$ 12 200,"2015 г., 2 л., автомат седан, бензин руль слева, 103 000 км",https://im.mashina.kg/tachka/images//f/5/7/f5782ce7672c1345101803a2cadb0656_240x180.jpg
97,Kia Carnival,$ 22 999,"2016 г., 2.2 л., автомат минивэн, дизель руль слева, 106 000 км",https://im.mashina.kg/tachka/images//e/a/1/ea184eb7439e84e10fa60a3273b648be_240x180.jpg
98,Lexus ES,$ 32 000,"2017 г., 2.5 л., вариатор седан, гибрид руль слева, 180 000 км",https://im.mashina.kg/tachka/images//0/c/7/0c7204e99b1da74912edef8957dabdf7_240x180.jpg
99,Lexus RX,$ 13 900,"2004 г., 3.3 л., автомат внедорожник 5 дв., бензин руль слева",https://im.mashina.kg/tachka/images//4/e/d/4edd9019df62b082513fc30520bfa5dc_240x180.jpg
100,Lexus RX,$ 30 800,"2012 г., 3.5 л., вариатор внедорожник 5 дв., гибрид руль слева, 111 585 км",https://im.mashina.kg/tachka/images//b/8/2/b82ad018c64c352623755f7bb41d176c_240x180.jpg
101,Lexus RX,$ 79 000,"2021 г., 3.5 л., вариатор внедорожник 5 дв., гибрид руль слева, 36 000 км",https://im.mashina.kg/tachka/images//c/b/7/cb7f316ee2fe8c4a57c5bcbaeb6aeb19_240x180.jpg
102,Renault Logan,$ 6 000,"2018 г., 1.6 л., механика седан, бензин руль слева, 169 000 км",https://im.mashina.kg/tachka/images//b/5/6/b56e35c68344b85d5075a60f9897cdfe_240x180.jpg
103,Honda Accord,$ 8 200,"2003 г., 2.4 л., автомат седан, бензин руль слева, 187 857 км",https://im.mashina.kg/tachka/images//3/0/7/307b522b4f42aca984b7737ec6bc0eb8_240x180.jpg
104,Toyota Land Cruiser Prado,$ 33 000,"2015 г., 2.7 л., автомат внедорожник 5 дв., бензин руль слева",https://im.mashina.kg/tachka/images//d/9/c/d9c9c2da4b0109b0283e67c5392c59fd_240x180.jpg
105,Toyota Highlander,$ 29 900,"2016 г., 3.5 л., автомат внедорожник 5 дв., бензин руль слева, 85 000 км",https://im.mashina.kg/tachka/images//8/2/e/82e03c8bbcedd9bd63dfb1e37bce0093_240x180.jpg
106,Toyota Camry,$ 17 700,"2016 г., 2.5 л., автомат седан, бензин руль слева, 217 000 км",https://im.mashina.kg/tachka/images//2/9/4/29485aaa5380e893faba9fc50eb21773_240x180.jpg
107,Toyota Highlander,$ 65 000,"2020 г., 3.5 л., автомат внедорожник 5 дв., бензин руль слева, 20 000 км",https://im.mashina.kg/tachka/images//d/b/b/dbb6c3b500651ce5791a444f3a66ed20_240x180.jpg
108,Lexus RX,$ 8 100,"1999 г., 3 л., автомат внедорожник 5 дв., бензин руль слева, 290 000 км",https://im.mashina.kg/tachka/images//1/b/7/1b7f1c931a8643dcdb0378d8525907e5_240x180.jpg
109,Honda Stepwgn,$ 14 000,"2005 г., 2.4 л., автомат минивэн, бензин руль справа, 172 000 км",https://im.mashina.kg/tachka/images//d/d/9/dd90070c8df088d24a9788eb639305a1_240x180.jpg
110,Opel Frontera,$ 7 000,"2003 г., 2.2 л., механика внедорожник 5 дв., бензин руль слева, 200 000 км",https://im.mashina.kg/tachka/images//4/2/c/42c5f16de819ed5046a4578195682835_240x180.jpg
111,Nissan X-Trail,$ 8 500,"2003 г., 2.5 л., автомат внедорожник 5 дв., бензин руль слева, 256 000 км",https://im.mashina.kg/tachka/images//d/3/9/d39ca2d2cd86bf751f8248249c69ab03_240x180.jpg
112,Toyota Camry,$ 16 000,"2016 г., 2.5 л., автомат седан, бензин руль слева, 115 000 км",https://im.mashina.kg/tachka/images//4/a/5/4a521fb2e8f52d4952e9ed40680dce97_240x180.jpg
113,Mercedes-Benz GLS AMG,$ 85 000,"2016 г., 5.5 л., автомат внедорожник 5 дв., бензин руль слева, 100 000 км",https://im.mashina.kg/tachka/images//d/6/3/d631a8d398f59629d19280110838b891_240x180.jpg
114,Toyota Camry,$ 15 600,"2016 г., 2.5 л., автомат седан, бензин руль слева, 247 000 км",https://im.mashina.kg/tachka/images//3/f/4/3f444bfaa4b75ba0f014ff5a17b0d79e_240x180.jpg
115,Toyota Camry,$ 17 000,"2016 г., 2.5 л., вариатор седан, гибрид руль слева, 144 000 км",https://im.mashina.kg/tachka/images//4/3/d/43dd28e06acfd84bf79b30564531037f_240x180.jpg
116,Kia Sorento,$ 25 200,"2016 г., 2 л., автомат внедорожник 5 дв., дизель руль слева, 104 000 км",https://im.mashina.kg/tachka/images//4/3/8/4381551ddf20c1067bf95f93be6a9ced_240x180.jpg
117,Subaru Forester,$ 7 800,"2003 г., 2 л., автомат универсал, бензин руль справа, 300 000 км",https://im.mashina.kg/tachka/images//c/0/f/c0ff0ab040eb9586897ed2b7dcd6d02b_240x180.jpg
118,Toyota Camry,$ 26 800,"2019 г., 2.5 л., автомат седан, бензин руль слева, 32 000 км",https://im.mashina.kg/tachka/images//5/c/6/5c61c526d72248b00c61ea72cfbc70d4_240x180.jpg
119,Toyota Prius,$ 14 200,"2016 г., 1.8 л., вариатор хэтчбек 5 дв., гибрид руль слева, 89 000 км",https://im.mashina.kg/tachka/images//a/9/a/a9ae37854ef1def02eba838d0b89104e_240x180.jpg
120,Lexus LX,$ 25 500,"2004 г., 4.7 л., автомат внедорожник 5 дв., бензин руль слева",https://im.mashina.kg/tachka/images//f/a/5/fa5042c2509aa70e192e78429a4a3804_240x180.jpg
121,Nissan X-Trail,$ 8 300,"2004 г., 2.5 л., механика внедорожник 5 дв., бензин руль слева, 280 900 км",https://im.mashina.kg/tachka/images//5/1/0/510554f29c883e6252751aa15f3d0c6c_240x180.jpg
122,Honda Integra,$ 12 200,"2004 г., 2 л., механика купе, бензин руль справа, 128 000 км",https://im.mashina.kg/tachka/images//1/4/b/14b921569055412b69f61a7a4cdda92a_240x180.jpg
123,Lexus NX,$ 30 700,"2017 г., 2 л., автомат внедорожник 5 дв., бензин руль слева, 65 000 км",https://im.mashina.kg/tachka/images//e/f/6/ef6eca3de5fdf9e1490918b6fc48499b_240x180.jpg
124,BMW 7 Серия,$ 50 000,"2018 г., 3 л., автомат седан, бензин руль слева, 108 000 км",https://im.mashina.kg/tachka/images//3/6/6/36619cd2c68ca7a35b8ae6128f417a58_240x180.jpg
125,Toyota Highlander,$ 55 000,"2020 г., 2.5 л., автомат внедорожник 5 дв., гибрид руль слева, 40 000 км",https://im.mashina.kg/tachka/images//4/8/3/483bdfaabcd91b1c407d4268c234f70d_240x180.jpg
126,Kia K8,$ 53 000,"2021 г., 2.5 л., автомат седан, бензин руль слева, 20 000 км",https://im.mashina.kg/tachka/images//c/6/a/c6a02dcbde8d25e972cf5db218c1265e_240x180.jpg
127,Mercedes-Benz E-класс,$ 32 500,"2018 г., 2 л., автомат седан, дизель руль слева, 95 000 км",https://im.mashina.kg/tachka/images//1/b/a/1ba51abaff437c0abb67a4f84673d389_240x180.jpg
128,Kia K8,$ 52 000,"2022 г., 1.6 л., автомат седан, гибрид руль слева, 12 000 км",https://im.mashina.kg/tachka/images//4/2/c/42c2a79a86064208019fdeef49a8fa7f_240x180.jpg
129,Lexus RX,$ 53 000,"2017 г., 3.5 л., вариатор внедорожник 5 дв., гибрид руль слева, 45 000 км",https://im.mashina.kg/tachka/images//b/7/3/b735e3713b80d9fb5f7d4e3b95613f43_240x180.jpg
130,Kia K5 II Седан,$ 14 700,"2016 г., 2 л., автомат седан, газ руль слева, 115 000 км",https://im.mashina.kg/tachka/images//5/1/2/512cdd09f965afb7f1c48f7e473b80c9_240x180.jpg
131,BMW 5 Серия,$ 33 700,"2017 г., 2 л., автомат седан, дизель руль слева, 107 000 км",https://im.mashina.kg/tachka/images//b/6/e/b6e20b4e9b3be540bf2ffea7820905e1_240x180.jpg
132,Toyota RAV4,$ 37 500,"2019 г., 2.5 л., автомат внедорожник 5 дв., бензин руль слева, 46 000 км",https://im.mashina.kg/tachka/images//9/f/9/9f9e55097afab3d426ddde098540a6c9_240x180.jpg
133,Toyota Camry,$ 51 000,"2021 г., 2.5 л., вариатор седан, гибрид руль слева, 9 000 км",https://im.mashina.kg/tachka/images//5/b/6/5b6689a9930f700bd776518de0c5f9c2_240x180.jpg
134,Kia Sorento,$ 30 000,"2017 г., 2.2 л., автомат внедорожник 5 дв., дизель руль слева, 72 000 км",https://im.mashina.kg/tachka/images//f/0/b/f0b98d6e4ed0bffd6e11ccd8ac035e9c_240x180.jpg
135,Subaru Outback,$ 16 500,"2016 г., 2.5 л., вариатор универсал, бензин руль слева, 92 000 км",https://im.mashina.kg/tachka/images//8/1/2/812116458f24236b4a07ff8f2edc8b63_240x180.jpg
136,Daewoo Nexia,$ 3 899,"2012 г., 1.6 л., механика седан, бензин руль слева, 75 255 км",https://im.mashina.kg/tachka/images//c/1/2/c120b94d53f79b5d8863ae74114a7c92_240x180.jpg
137,Toyota RAV4,$ 27 800,"2019 г., 2.5 л., автомат внедорожник 5 дв., бензин руль слева, 90 000 км",https://im.mashina.kg/tachka/images//0/5/3/053f855b8e6fb3a0e802c269d6767492_240x180.jpg
138,Kia K5 II Седан,$ 18 500,"2016 г., 2 л., автомат седан, бензин руль слева, 91 400 км",https://im.mashina.kg/tachka/images//1/8/0/1800e2a53ac5f762c38f0ec38f927391_240x180.jpg
139,Lexus ES,$ 29 700,"2016 г., 2.5 л., вариатор седан, гибрид руль слева, 100 000 км",https://im.mashina.kg/tachka/images//4/7/f/47fd3c72a3603490e402543651804c1c_240x180.jpg
140,Toyota Avensis,$ 8 500,"2003 г., 2 л., автомат седан, бензин руль слева, 272 173 км",https://im.mashina.kg/tachka/images//b/8/e/b8e6d23ebfd17e57e04740949e2ea15d_240x180.jpg
141,Mercedes-Benz C-Класс AMG,$ 64 000,"2022 г., 3 л., автомат купе, бензин руль слева, 7 292 км",https://im.mashina.kg/tachka/images//0/4/0/0402edad7c6b28785468c37c2b82448b_240x180.jpg
142,Mercedes-Benz S-класс,$ 191 000,"2021 г., 4 л., автомат седан, бензин руль слева, 6 913 км",https://im.mashina.kg/tachka/images//9/5/b/95b2c8bf60b18cfc1f11f5423cc33153_240x180.jpg
143,Land Rover Range Rover Evoque,$ 57 000,"2021 г., 2 л., автомат внедорожник 5 дв., бензин руль слева, 22 425 км",https://im.mashina.kg/tachka/images//e/d/9/ed9a2477e8ec1923763b196f25ff85df_240x180.jpg
144,Hyundai Palisade,$ 61 000,"2021 г., 3.8 л., автомат внедорожник 5 дв., бензин руль слева, 38 700 км",https://im.mashina.kg/tachka/images//3/7/7/3777ae1d0e158729e4541de8ad18cc63_240x180.jpg
145,Lexus ES,$ 32 000,"2017 г., 2.5 л., вариатор седан, гибрид руль слева, 141 000 км",https://im.mashina.kg/tachka/images//8/d/6/8d69f3be38513a7c1623fecd95756527_240x180.jpg
146,Toyota Camry,$ 14 999,"2012 г., 2.5 л., автомат седан, бензин руль слева, 150 000 км",https://im.mashina.kg/tachka/images//e/2/6/e26aebe1917748889633b7d59298f20c_240x180.jpg
147,Toyota Camry,$ 22 800,"2015 г., 2.5 л., автомат седан, бензин руль слева, 87 000 км",https://im.mashina.kg/tachka/images//3/7/d/37dafc91e6b730067060fc5b5f0f85dc_240x180.jpg
148,Hyundai Palisade,$ 51 000,"2021 г., 3.8 л., автомат внедорожник 5 дв., бензин руль слева, 32 000 км",https://im.mashina.kg/tachka/images//c/0/4/c043392e9c7cef0211f97235e5b01573_240x180.jpg
149,Toyota Land Cruiser,$ 135 000,"2021 г., 3.4 л., автомат внедорожник 5 дв., бензин руль слева, 15 000 км",https://im.mashina.kg/tachka/images//6/a/d/6ad285827759d671ce45464b95a38738_240x180.jpg
150,Lexus ES,$ 12 800,"2006 г., 3.5 л., автомат седан, бензин руль слева, 254 599 км",https://im.mashina.kg/tachka/images//5/0/3/503a62ce5156590e11ecd2f6b214f142_240x180.jpg
151,Toyota Camry,$ 23 999,"2017 г., 2.5 л., автомат седан, бензин руль слева, 120 000 км",https://im.mashina.kg/tachka/images//c/b/4/cb427951212403a96998267c203a30b1_240x180.jpg
152,Toyota Land Cruiser,$ 66 000,"2016 г., 4.6 л., автомат внедорожник 5 дв., бензин руль слева, 188 000 км",https://im.mashina.kg/tachka/images//7/c/a/7cabdc4bfceeca36546df754388c1567_240x180.jpg
153,Toyota Highlander,$ 38 000,"2018 г., 3.5 л., автомат внедорожник 5 дв., бензин руль слева, 38 500 км",https://im.mashina.kg/tachka/images//b/9/6/b96852402db03246e854eb4ac3b10faa_240x180.jpg
154,Lexus ES,$ 55 000,"2019 г., 2.5 л., вариатор седан, гибрид руль слева, 66 000 км",https://im.mashina.kg/tachka/images//c/c/6/cc6f9c30791b3803b775edadcbeddcf6_240x180.jpg
155,Toyota 4Runner,$ 23 500,"2007 г., 4 л., автомат внедорожник 5 дв., бензин руль слева, 123 458 км",https://im.mashina.kg/tachka/images//4/e/f/4ef4c28596c72b2fa401bda036081ae1_240x180.jpg
156,Toyota Highlander,$ 45 000,"2018 г., 3.5 л., автомат внедорожник 5 дв., бензин руль слева, 46 000 км",https://im.mashina.kg/tachka/images//9/a/9/9a900212208f61fae794765bb1e0a1c9_240x180.jpg
157,Lexus LX,$ 62 500,"2013 г., 5.7 л., автомат внедорожник 5 дв., бензин руль слева, 145 000 км",https://im.mashina.kg/tachka/images//f/5/a/f5a683784fd257b7ba8563f68c712fc5_240x180.jpg
158,Mazda Demio,$ 5 400,"2004 г., 1.3 л., автомат хэтчбек 5 дв., бензин руль справа, 173 000 км",https://im.mashina.kg/tachka/images//1/8/4/18433fd98558245830f16f89ee1cafa6_240x180.jpg
159,Nissan Teana,$ 5 300,"2003 г., 2.3 л., автомат седан, бензин руль справа, 148 000 км",https://im.mashina.kg/tachka/images//c/a/d/cad7dff66be543261fbde29cc79c9d11_240x180.jpg
160,Honda Jazz,$ 9 700,"2006 г., 1.5 л., вариатор хэтчбек 5 дв., бензин руль слева, 124 600 км",https://im.mashina.kg/tachka/images//5/7/a/57aa60494a58f012e993d60064b0a955_240x180.jpg
161,Honda Jazz,$ 9 700,"2006 г., 1.5 л., вариатор хэтчбек 5 дв., бензин руль слева, 124 600 км",https://im.mashina.kg/tachka/images//5/7/a/57aa60494a58f012e993d60064b0a955_240x180.jpg
162,BMW 5 Серия,$ 8 300,"2000 г., 3 л., автомат седан, бензин руль слева, 266 000 км",No picher
163,Honda Fit,$ 5 500,"2003 г., 1.3 л., вариатор хэтчбек 5 дв., бензин руль справа, 200 000 км",https://im.mashina.kg/tachka/images//3/0/3/3039e844cd91ebe69828c2da30a9dfe7_240x180.jpg
164,Audi A6,$ 6 400,"1994 г., 2.6 л., механика седан, бензин руль слева, 380 000 км",https://im.mashina.kg/tachka/images//e/f/6/ef69096b2a71975455a8c2b7bef3ebbc_240x180.jpg
165,Toyota Camry,$ 10 900,"2004 г., 2.4 л., автомат седан, бензин руль слева, 174 000 км",https://im.mashina.kg/tachka/images//9/4/3/943a1e4490d637cae0c7e153a119b677_240x180.jpg
166,BMW 5 Серия,$ 8 300,"2000 г., 3 л., автомат седан, бензин руль слева, 266 000 км",No picher
167,Subaru Outback,$ 9 400,"2004 г., 3 л., автомат универсал, бензин руль справа, 268 000 км",https://im.mashina.kg/tachka/images//2/9/e/29ef203617053d240c738ee2329f0bd9_240x180.jpg
168,Nissan X-Trail,$ 6 800,"2001 г., 2 л., автомат внедорожник 5 дв., бензин руль справа, 256 000 км",https://im.mashina.kg/tachka/images//9/1/9/91967ad63dad0b722fb70978aab20c27_240x180.jpg
169,Honda Odyssey,$ 3 806,"1999 г., 2.3 л., автомат минивэн, бензин руль справа, 300 000 км",https://im.mashina.kg/tachka/images//4/2/7/427458dbf61ed83e922dd7ac32c690d5_240x180.jpg
170,BMW 5 Серия,$ 8 700,"2001 г., 3 л., механика седан, бензин руль слева, 300 000 км",https://im.mashina.kg/tachka/images//5/1/0/510e30b7aa866891c456594d1e0f15e2_240x180.jpg
171,BMW 5 Серия,$ 8 300,"2000 г., 3 л., автомат седан, бензин руль слева, 266 000 км",https://im.mashina.kg/tachka/images//7/c/7/7c76480c2ad747cfc607c50214dc1011_240x180.jpg
172,Toyota Prius,$ 29 000,"2020 г., 1.8 л., автомат хэтчбек 5 дв., гибрид руль слева, 16 000 км",https://im.mashina.kg/tachka/images//c/4/f/c4fe783ab2a77e63fa93f2aaeb5e0d77_240x180.jpg
173,Chevrolet Aveo,$ 4 037,"2007 г., 1.2 л., механика седан, бензин руль слева, 250 000 км",https://im.mashina.kg/tachka/images//d/0/7/d071e238935219bf70d57ab4e25ef27b_240x180.jpg
174,Toyota Yaris,$ 3 600,"1999 г., 1 л., механика хэтчбек 5 дв., бензин руль слева, 252 781 км",https://im.mashina.kg/tachka/images//0/7/3/073dcf130fd19db40c5478f365396e00_240x180.jpg
175,Toyota RAV4,$ 43 000,"2020 г., 2.5 л., автомат внедорожник 5 дв., бензин руль слева, 19 900 км",https://im.mashina.kg/tachka/images//f/3/1/f314fd26da1c465a5e4e8e66c6250edc_240x180.jpg
176,BMW 5 Серия,$ 8 300,"2000 г., 3 л., автомат седан, бензин руль слева, 266 000 км",https://im.mashina.kg/tachka/images//0/2/0/020886423cd23f48c04573313f85df42_240x180.jpg
177,Nissan AD,$ 7 000,"2007 г., 1.8 л., автомат универсал, бензин руль справа, 180 000 км",https://im.mashina.kg/tachka/images//1/b/e/1be4aab37f4e2a4f4d257db6e287180c_240x180.jpg
178,Honda Civic,$ 7 999,"2007 г., 1.3 л., вариатор седан, гибрид руль слева, 35 800 км",https://im.mashina.kg/tachka/images//1/5/e/15e90249b3c20814441bdfd13d0e7aeb_240x180.jpg
179,Mazda Demio,$ 4 900,"2003 г., 1.3 л., автомат хэтчбек 5 дв., бензин руль справа, 119 421 км",https://im.mashina.kg/tachka/images//a/9/9/a99e1658bcd40ff3fcd027653d5986e7_240x180.jpg
180,Lexus RX,$ 16 700,"2005 г., 3.3 л., вариатор внедорожник 5 дв., гибрид руль слева, 209 214 км",https://im.mashina.kg/tachka/images//3/4/e/34e8dbbf857474809605f0f1a9f6e69b_240x180.jpg
181,Toyota Land Cruiser,$ 6 500,"1988 г., 4 л., автомат внедорожник 5 дв., дизель руль справа, 400 000 км",https://im.mashina.kg/tachka/images//2/4/b/24ba80c89faf4b0894e49ac764f8b537_240x180.jpg
182,BMW X5,$ 13 800,"2005 г., 4.4 л., автомат внедорожник 5 дв., бензин руль слева, 222 000 км",https://im.mashina.kg/tachka/images//3/a/5/3a5483642af26ceef00af6b2905f926c_240x180.jpg
183,BMW 5 Серия,$ 8 300,"2000 г., 3 л., автомат седан, бензин руль слева, 266 000 км",https://im.mashina.kg/tachka/images//8/d/4/8d48598d32bdfa2bb300d1973e6301c8_240x180.jpg
184,Daewoo Matiz,$ 2 422,"2002 г., 0.8 л., автомат хэтчбек 5 дв., бензин руль слева, 2 000 км",https://im.mashina.kg/tachka/images//8/f/7/8f7338434be420607ac7f7cdf012820a_240x180.jpg
185,Kia Sorento,$ 26 500,"2017 г., 2.2 л., автомат внедорожник 5 дв., дизель руль слева, 118 000 км",https://im.mashina.kg/tachka/images//6/d/3/6d3e33657b677c670ae7f2a4e266d96d_240x180.jpg
186,Honda CR-V,$ 12 000,"2006 г., 2.4 л., автомат внедорожник 5 дв., бензин руль слева, 186 041 км",https://im.mashina.kg/tachka/images//f/4/0/f409317cb4113cca9efdff3f011ec35c_240x180.jpg
187,Subaru Forester,$ 9 500,"2005 г., 2 л., автомат универсал, бензин руль справа, 250 000 км",https://im.mashina.kg/tachka/images//f/8/5/f852ed390aef80d8f5ba4d08103a5b92_240x180.jpg
188,BMW 5 Серия,$ 8 300,"2000 г., 3 л., автомат седан, бензин руль слева, 266 000 км",https://im.mashina.kg/tachka/images//d/6/8/d68462f61ce7bcc91183a83ab376b8bd_240x180.jpg
189,Mercedes-Benz E-класс,$ 8 651,"2002 г., 2.6 л., автомат седан, бензин руль слева, 270 000 км",https://im.mashina.kg/tachka/images//1/a/a/1aa162edb4b841f65106c4205617ce5c_240x180.jpg
190,Toyota Picnic,$ 5 555,"2000 г., 2.2 л., механика компактвэн, дизель руль слева, 400 000 км",https://im.mashina.kg/tachka/images//7/9/0/7907cfebc5ea42d81c2ef282176f1aac_240x180.jpg
191,ВАЗ (Lada) 2107,$ 2 422,"2010 г., 1.6 л., механика седан, бензин руль слева, 90 000 км",https://im.mashina.kg/tachka/images//5/3/4/534f15131015c90b15f80cae10290477_240x180.jpg
192,Honda Fit,$ 14 199,"2016 г., 1.5 л., вариатор хэтчбек 5 дв., бензин руль слева, 64 000 км",https://im.mashina.kg/tachka/images//3/0/c/30c0b730fc48f21f077467c535abe363_240x180.jpg
193,Honda Jazz,$ 11 000,"2005 г., 1.5 л., вариатор хэтчбек 5 дв., бензин руль слева, 186 000 км",https://im.mashina.kg/tachka/images//0/d/3/0d34dea82afe380adc9088a88ed5994b_240x180.jpg
194,Subaru Legacy,$ 4 729,"2002 г., 2 л., автомат универсал, бензин руль справа",https://im.mashina.kg/tachka/images//9/c/7/9c770aadfdf05b971f8f9327d02e07fc_240x180.jpg
195,Toyota Camry,$ 50 000,"2018 г., 3.5 л., автомат седан, бензин руль слева, 79 000 км",https://im.mashina.kg/tachka/images//a/1/f/a1fbccfbff4bf083cf54c7001583fbdc_240x180.jpg
196,Hyundai Avante,$ 11 200,"2017 г., 1.6 л., автомат седан, бензин руль слева",https://im.mashina.kg/tachka/images//7/c/1/7c166a33b15f88840391087e2d5ff35e_240x180.jpg
197,Honda Inspire,$ 8 304,"2004 г., 3 л., автомат седан, бензин руль слева, 239 000 км",https://im.mashina.kg/tachka/images//8/d/d/8dd3d93faa5c4fb604a21abb6672c253_240x180.jpg
198,Kia K7,$ 22 100,"2020 г., 3 л., автомат седан, газ руль слева",https://im.mashina.kg/tachka/images//0/5/6/0561cf3e917b4d5d3a891e7ff08af9ed_240x180.jpg
199,Honda CR-V,$ 14 800,"2008 г., 2.4 л., автомат внедорожник 5 дв., бензин руль слева, 170 000 км",https://im.mashina.kg/tachka/images//6/9/e/69e0308fabd2cf7d9a7d10909d67fe32_240x180.jpg
200,Toyota RAV4,$ 21 500,"2017 г., 2.5 л., автомат внедорожник 5 дв., бензин руль слева, 70 000 км",https://im.mashina.kg/tachka/images//a/f/9/af9be4a65eb3d4efbca04671558a885c_240x180.jpg
201,Hyundai Santa Fe,$ 34 500,"2021 г., 2.2 л., робот внедорожник 5 дв., дизель руль слева",https://im.mashina.kg/tachka/images//e/b/f/ebf0b1f38e51b7d3cf0d1f570905d5a4_240x180.jpg
202,Hyundai Sonata,$ 12 500,"2015 г., 2 л., автомат седан, газ руль слева, 250 000 км",https://im.mashina.kg/tachka/images//c/9/4/c94b2190d79483a0f6282c2097885d27_240x180.jpg
203,Hyundai Santa Fe,$ 17 000,"2016 г., 2.2 л., автомат внедорожник 5 дв., дизель руль слева",https://im.mashina.kg/tachka/images//5/f/f/5ff895da6c95fca63bf19dfccfbe4b79_240x180.jpg
204,Subaru Outback,$ 17 000,"2016 г., 2.5 л., вариатор универсал, бензин руль слева, 92 000 км",https://im.mashina.kg/tachka/images//0/d/9/0d93f500e40f29fd3206eb7099c1f420_240x180.jpg
205,Toyota Camry,$ 44 000,"2018 г., 3.5 л., автомат седан, бензин руль слева, 78 000 км",https://im.mashina.kg/tachka/images//b/d/e/bdeaa0336f1d93beda986f9f794f42fe_240x180.jpg
206,Toyota Camry,$ 15 900,"2016 г., 2.5 л., автомат седан, бензин руль слева, 85 000 км",https://im.mashina.kg/tachka/images//3/f/f/3ff03d12c59eacadc6251ef2cc2a87fa_240x180.jpg
207,Kia K5 II Седан,$ 12 200,"2018 г., 2 л., автомат седан, газ руль слева",https://im.mashina.kg/tachka/images//a/d/f/adf60a21ce136501609807a63d63a838_240x180.jpg
208,Mercedes-Benz GLK-класс,$ 21 000,"2012 г., 3.5 л., автомат внедорожник 5 дв., бензин руль слева, 259 000 км",https://im.mashina.kg/tachka/images//e/8/e/e8edf60bfe5c29030a70ea03dfb181da_240x180.jpg
209,Kia Sorento,$ 17 400,"2017 г., 2.2 л., автомат внедорожник 5 дв., дизель руль слева",https://im.mashina.kg/tachka/images//5/a/4/5a4a330aa509391b1121d8253b3fece1_240x180.jpg
210,Daewoo Leganza,$ 577,"1997 г., 1.8 л., механика седан, бензин руль слева, 256 423 км",https://im.mashina.kg/tachka/images//0/7/4/074df742eaf4a4417339a0773651e798_240x180.jpg
211,Honda Accord,$ 3 691,"2001 г., 2 л., механика седан, бензин руль справа",https://im.mashina.kg/tachka/images//6/d/d/6dd23b0e2e09103e95d1f738b41b7c95_240x180.jpg
212,Hyundai Sonata,$ 16 000,"2019 г., 2 л., автомат седан, бензин руль слева",https://im.mashina.kg/tachka/images//2/d/8/2d8fcb132395669930472fa620647914_240x180.jpg
213,Honda Fit,$ 7 843,"2003 г., 1.5 л., вариатор хэтчбек 5 дв., бензин руль справа, 247 200 км",https://im.mashina.kg/tachka/images//1/a/3/1a33444070f1a674431643e1b9acf8cb_240x180.jpg
214,Kia Sportage,$ 24 800,"2017 г., 2 л., автомат внедорожник 5 дв., дизель руль слева, 78 000 км",https://im.mashina.kg/tachka/images//7/a/c/7ac9255c45969330db64e59b900aac92_240x180.jpg
215,Toyota Estima,$ 10 500,"2003 г., 2.4 л., автомат минивэн, бензин руль справа, 163 000 км",No picher
216,Hyundai Sonata,$ 12 600,"2018 г., автомат седан, газ руль слева",https://im.mashina.kg/tachka/images//d/6/9/d6981b91354877309a56e6d7e5252a26_240x180.jpg
217,Volkswagen Touran,$ 5 767,"2007 г., 1.6 л., механика компактвэн, бензин руль слева, 18 000 км",https://im.mashina.kg/tachka/images//b/8/9/b89fec977106b1fa271ca552d77ad919_240x180.jpg
218,Hyundai Santa Fe,$ 23 800,"2018 г., 2 л., автомат внедорожник 5 дв., дизель руль слева",https://im.mashina.kg/tachka/images//b/f/c/bfc8f06b9328471cf011b8f4b802e90d_240x180.jpg
219,Mercedes-Benz E-класс,$ 9 200,"2000 г., 3.2 л., автомат седан, бензин руль слева, 200 000 км",https://im.mashina.kg/tachka/images//1/7/4/1742fb9f3f5d166068922b6fb158bb53_240x180.jpg
220,Toyota Camry,$ 30 000,"2018 г., 2.5 л., вариатор седан, гибрид руль слева, 4 600 км",https://im.mashina.kg/tachka/images//e/b/5/eb5fa2e9c5f6ff9e7dd5eac015549a06_240x180.jpg
221,Honda Fit,$ 9 227,"2008 г., 1.5 л., автомат хэтчбек 5 дв., бензин руль слева, 139 000 км",https://im.mashina.kg/tachka/images//b/4/1/b41022761eaa4baeb22a52c25d3157f5_240x180.jpg
222,ВАЗ (Lada) 2107,$ 3 403,"2010 г., 1.6 л., механика седан, бензин руль слева, 71 000 км",https://im.mashina.kg/tachka/images//e/e/1/ee1e530442545e848d4d4486df8f782d_240x180.jpg
223,Kia Sorento,$ 24 800,"2018 г., 2.2 л., автомат внедорожник 5 дв., дизель руль слева, 121 000 км",https://im.mashina.kg/tachka/images//2/0/d/20df24cba01c169a103793d8a104ce53_240x180.jpg
224,Volkswagen Passat,$ 1 961,"1991 г., 2 л., механика седан, бензин руль слева, 150 000 км",https://im.mashina.kg/tachka/images//2/7/c/27cb8b8c73be3770d5f099831c9433a5_240x180.jpg
225,BMW X7,$ 140 000,"2023 г., 3 л., автомат внедорожник 5 дв., дизель руль слева",https://im.mashina.kg/tachka/images//e/a/8/ea8d98241c655cc3278cb612f4eed6d7_240x180.jpg
226,BMW X6 M,$ 153 000,"2023 г., 4.4 л., автомат внедорожник 5 дв., бензин руль слева",https://im.mashina.kg/tachka/images//8/b/7/8b7159c05efe1caec9835681d89e095e_240x180.jpg
227,Honda Fit,$ 7 600,"2002 г., 1.5 л., вариатор хэтчбек 5 дв., бензин руль справа, 128 500 км",https://im.mashina.kg/tachka/images//a/4/9/a496b8084ada911914f1b6277a34dae3_240x180.jpg
228,Hyundai Grandeur,$ 16 300,"2017 г., 3 л., автомат седан, бензин / газ руль слева, 200 000 км",https://im.mashina.kg/tachka/images//a/1/d/a1d28f14ed5df3b0d2d493a85089a9d5_240x180.jpg
229,Hyundai Palisade,$ 67 500,"2023 г., 2.2 л., автомат внедорожник 5 дв., дизель руль слева",https://im.mashina.kg/tachka/images//1/a/3/1a35deba03a08be81be4fcde042ed73a_240x180.jpg
230,Kia Mohave (Borrego),$ 53 500,"2023 г., 3 л., автомат внедорожник 5 дв., дизель руль слева",https://im.mashina.kg/tachka/images//5/2/5/5253621933fadf8a3c141ad4f951dffa_240x180.jpg
231,Honda Jazz,$ 9 112,"2008 г., 1.3 л., вариатор хэтчбек 5 дв., бензин руль слева, 190 000 км",https://im.mashina.kg/tachka/images//3/2/b/32bf550a5f85c9b68f1724921a089eb3_240x180.jpg
232,Toyota Camry,$ 10 957,"2007 г., 3.5 л., автомат седан, бензин руль слева, 261 600 км",https://im.mashina.kg/tachka/images//1/3/d/13dea5954458c87d4d1c07bd3ffcb25a_240x180.jpg
233,Kia Sorento,$ 52 000,"2021 г., 2.2 л., робот внедорожник 5 дв., дизель руль слева, 10 000 км",https://im.mashina.kg/tachka/images//3/9/c/39cc55ed44df54f8b632498ffdeb7451_240x180.jpg
234,Toyota Camry,$ 29 900,"2021 г., 2.5 л., автомат седан, бензин руль слева, 23 000 км",https://im.mashina.kg/tachka/images//c/1/6/c161b8903a73a5520939186b72d10b60_240x180.jpg
235,Lexus RX,$ 17 000,"2007 г., 3.5 л., автомат внедорожник 5 дв., бензин руль слева, 204 031 км",https://im.mashina.kg/tachka/images//0/8/0/08050444bba24ba059dda8c289aa5e16_240x180.jpg
236,Lexus LX,$ 48 000,"2011 г., 5.7 л., автомат внедорожник 5 дв., бензин руль слева, 227 000 км",https://im.mashina.kg/tachka/images//f/f/d/ffdfc161739c373d283d616a62d5a85d_240x180.jpg
237,Daewoo Matiz,$ 2 884,"2005 г., 1 л., механика хэтчбек 5 дв., бензин руль слева",https://im.mashina.kg/tachka/images//2/0/e/20ef05a5984d58cbe95d68d99b496bd7_240x180.jpg
238,Toyota Camry,$ 14 500,"2012 г., 2.5 л., автомат седан, бензин руль слева, 888 888 км",https://im.mashina.kg/tachka/images//b/4/c/b4ce30ebb188d3d1aad6affa7d816027_240x180.jpg
239,Daewoo Matiz,$ 3 300,"2011 г., 0.8 л., механика хэтчбек 5 дв., бензин руль слева, 158 967 км",https://im.mashina.kg/tachka/images//8/6/f/86f395765107836d83caaa2f743c4f89_240x180.jpg
240,Hyundai Sonata,$ 17 300,"2016 г., 2 л., автомат седан, гибрид руль слева, 59 000 км",https://im.mashina.kg/tachka/images//3/4/9/3498845406a9f73565def3767bbbfe4e_240x180.jpg
241,Hyundai Avante,$ 14 500,"2018 г., 1.6 л., автомат седан, бензин руль слева, 56 700 км",https://im.mashina.kg/tachka/images//1/b/e/1bedd5dfa91f0c7170024d6e8c2fa395_240x180.jpg
242,Chevrolet TrailBlazer,$ 6 500,"2007 г., 4.2 л., автомат внедорожник 5 дв., бензин руль слева, 188 000 км",https://im.mashina.kg/tachka/images//9/0/2/902b32470d6565d458987e24d9a8a9be_240x180.jpg
243,Volkswagen Passat,$ 3 800,"2000 г., 1.9 л., механика универсал, дизель руль слева, 250 000 км",https://im.mashina.kg/tachka/images//0/3/1/03169ac7ed20d3ed9adf6a35dd56b5df_240x180.jpg
244,Lexus GX,$ 23 500,"2006 г., 4.7 л., автомат внедорожник 5 дв., бензин руль слева, 260 000 км",https://im.mashina.kg/tachka/images//6/c/7/6c73fab8b1524e91aa145e633a23dd4e_240x180.jpg
245,Kia K5 II Седан,$ 17 000,"2018 г., 2 л., автомат седан, газ руль слева, 149 700 км",https://im.mashina.kg/tachka/images//4/0/3/403b0278d3f78e59daefa73b1f995167_240x180.jpg
246,Mercedes-Benz Vito,$ 5 190,"2001 г., 2.3 л., механика минивэн, бензин руль слева, 340 000 км",https://im.mashina.kg/tachka/images//9/2/e/92ea12af2fecaef034b680302e962bb6_240x180.jpg
247,Kia Sorento,$ 21 900,"2016 г., 2 л., автомат внедорожник 5 дв., дизель руль слева, 167 761 км",https://im.mashina.kg/tachka/images//2/9/a/29ae284ca048754cff3864b7b26f2fb4_240x180.jpg
248,Toyota Camry,$ 32 000,"2018 г., 2.5 л., вариатор седан, гибрид руль слева, 107 000 км",https://im.mashina.kg/tachka/images//e/8/b/e8b55cc0128f9d668c4e41654142e7e7_240x180.jpg
249,Lexus RX,$ 26 000,"2010 г., 3.5 л., автомат внедорожник 5 дв., бензин руль слева, 160 000 км",https://im.mashina.kg/tachka/images//d/b/2/db2a894dceec3432901d743472c465a7_240x180.jpg
250,Kia Sorento,$ 22 500,"2018 г., 2 л., автомат внедорожник 5 дв., дизель руль слева, 134 000 км",https://im.mashina.kg/tachka/images//2/7/2/272739259b79662754aca1bb8fa91bdb_240x180.jpg
251,Mercedes-Benz E-класс,$ 5 300,"1996 г., 2.3 л., автомат седан, бензин руль слева, 491 000 км",https://im.mashina.kg/tachka/images//a/b/f/abfce76bc39440550b8c375e081ab263_240x180.jpg
252,Honda Inspire,$ 9 900,"2004 г., 3 л., автомат седан, бензин руль справа, 2 300 км",https://im.mashina.kg/tachka/images//8/0/0/800ae19587588d951aa1998339cfcb37_240x180.jpg
253,Mitsubishi Challenger,$ 6 500,"1997 г., 3.5 л., автомат внедорожник 5 дв., бензин руль справа, 2 023 км",https://im.mashina.kg/tachka/images//1/7/e/17edcd226db7e5040ca640329dbb6a0c_240x180.jpg
254,Toyota 4Runner,$ 26 500,"2008 г., 4 л., автомат внедорожник 5 дв., бензин руль слева, 181 000 км",https://im.mashina.kg/tachka/images//3/7/a/37a57d7766b1cf6432b186d4b2e75f56_240x180.jpg
255,Toyota 4Runner,$ 50 000,"2017 г., 4 л., автомат внедорожник 5 дв., бензин руль слева, 98 200 км",https://im.mashina.kg/tachka/images//8/d/4/8d49209f1e392415ad9f6aa04a3c54c2_240x180.jpg
256,Toyota Camry,$ 32 000,"2021 г., 2.5 л., автомат седан, бензин руль слева, 15 000 км",https://im.mashina.kg/tachka/images//5/d/e/5dee807c8c629a3d70bad8103a67643e_240x180.jpg
257,Honda Stepwgn,$ 11 000,"2004 г., 2 л., автомат минивэн, бензин руль справа, 134 000 км",https://im.mashina.kg/tachka/images//c/7/5/c75a109099545248f469354f061e58fb_240x180.jpg
258,Honda Stepwgn,$ 7 200,"1996 г., 2 л., автомат минивэн, бензин руль справа, 355 555 км",https://im.mashina.kg/tachka/images//5/4/9/549023d6cf8c1bcd1e372444914b09af_240x180.jpg
259,Kia K7,$ 15 800,"2016 г., 3 л., автомат седан, газ руль слева, 77 000 км",https://im.mashina.kg/tachka/images//9/8/9/98961fcf53c6bd0fc2a37bf0365c0632_240x180.jpg
260,Hyundai Grandeur,$ 17 500,"2017 г., 3 л., автомат седан, бензин / газ руль слева, 104 000 км",https://im.mashina.kg/tachka/images//d/f/0/df09fbbb3a2484d46d2b1ace4a9a5a28_240x180.jpg
261,Toyota Alphard,$ 14 000,"2006 г., 3 л., автомат минивэн, бензин руль справа, 105 000 км",https://im.mashina.kg/tachka/images//0/9/8/0985af418873034eb6aa9e7a7ec29233_240x180.jpg
262,Honda X-NV,$ 24 000,"2021 г., автомат внедорожник 5 дв., электро руль слева, 17 000 км",https://im.mashina.kg/tachka/images//b/b/5/bb508da3bbbf182225a680689f75b743_240x180.jpg
263,Honda M-NV,$ 24 000,"2022 г., автомат внедорожник 5 дв., электро руль слева",https://im.mashina.kg/tachka/images//f/0/e/f0ec5a49636535f5e626240b851aeaa0_240x180.jpg
264,Honda Civic,$ 6 459,"2003 г., 1.6 л., автомат хэтчбек 5 дв., бензин руль справа, 222 558 км",https://im.mashina.kg/tachka/images//0/0/4/0040a8b8c50247964ff818e9bb9c90e1_240x180.jpg
265,Toyota Camry,$ 7 200,"2002 г., 2.4 л., механика седан, бензин руль слева, 263 178 км",https://im.mashina.kg/tachka/images//3/1/7/317ee5c0aaee54de91d44c0189787585_240x180.jpg
266,Daewoo Matiz,$ 4 268,"2008 г., 0.8 л., автомат хэтчбек 5 дв., бензин руль слева, 123 000 км",https://im.mashina.kg/tachka/images//b/0/1/b0173652790cea273a57f30f662ae367_240x180.jpg
267,Toyota Camry,$ 10 200,"2005 г., 3 л., автомат седан, бензин руль слева, 248 750 км",https://im.mashina.kg/tachka/images//8/0/1/801d506fc846d85a95c4e6c8664201a2_240x180.jpg
268,Kia Sorento,$ 26 500,"2017 г., 2.2 л., автомат внедорожник 5 дв., дизель руль слева, 128 600 км",https://im.mashina.kg/tachka/images//d/5/0/d509e590f5469fe3d7e1fe79eb440a1c_240x180.jpg
269,Nissan Micra,$ 1 499,"1993 г., 1 л., механика хэтчбек 3 дв., бензин руль слева, 250 000 км",https://im.mashina.kg/tachka/images//b/c/5/bc5177028a72f2d291d04ee831de7e30_240x180.jpg
270,Suzuki SX4,$ 9 200,"2012 г., 2 л., автомат хэтчбек 5 дв., бензин руль слева, 205 000 км",https://im.mashina.kg/tachka/images//f/2/b/f2b0a3cf4f7a0eb173a01c5e829e0418_240x180.jpg
271,Mercedes-Benz S-класс AMG,$ 18 200,"2003 г., 5.4 л., автомат седан, бензин руль слева, 125 000 км",https://im.mashina.kg/tachka/images//0/6/2/062304030e170113abe8af0d82609375_240x180.jpg
272,Toyota 4Runner,$ 44 900,"2016 г., 4 л., автомат внедорожник 5 дв., бензин руль слева, 96 000 км",https://im.mashina.kg/tachka/images//0/7/d/07d5d78bc6ecf06a1288f4c7159f0b23_240x180.jpg
273,Honda Jazz,$ 8 000,"2006 г., 1.3 л., вариатор хэтчбек 5 дв., бензин руль слева, 15 000 км",https://im.mashina.kg/tachka/images//a/3/8/a386214a7f5d7e21a8d049a6baa1203e_240x180.jpg
274,Honda Odyssey,$ 9 200,"2003 г., 2.3 л., автомат минивэн, бензин руль справа, 224 000 км",https://im.mashina.kg/tachka/images//0/5/0/05068cc81136c96c75fee44151647c90_240x180.jpg
275,Hyundai Santa Fe,$ 28 500,"2017 г., 2 л., автомат внедорожник 5 дв., дизель руль слева, 68 000 км",https://im.mashina.kg/tachka/images//b/0/f/b0f62c87517f383cb1cba4a42ef0c8d3_240x180.jpg
276,Hyundai Santa Fe,$ 37 500,"2018 г., 2 л., автомат внедорожник 5 дв., бензин руль слева, 48 000 км",https://im.mashina.kg/tachka/images//6/d/6/6d6bc9e04deb0211e2501459d2dfea7d_240x180.jpg
277,BMW 5 Серия,$ 3 864,"1995 г., 2.5 л., механика седан, бензин руль слева, 230 000 км",https://im.mashina.kg/tachka/images//f/a/f/fafdf70f50ec5758bc8ca1640e18b5ff_240x180.jpg
278,Honda CR-V,$ 6 800,"1998 г., 2 л., автомат внедорожник 5 дв., бензин руль слева, 248 000 км",https://im.mashina.kg/tachka/images//b/a/c/baccc9f2ca67ea14e7be3867c798bc44_240x180.jpg
279,Hyundai Santa Fe,$ 26 500,"2017 г., 2 л., автомат внедорожник 5 дв., дизель руль слева, 110 000 км",https://im.mashina.kg/tachka/images//5/c/d/5cde9049783ef71e0771296ebeac9491_240x180.jpg
280,Toyota Camry,$ 13 000,"2004 г., 2.4 л., автомат седан, бензин руль слева, 210 000 км",https://im.mashina.kg/tachka/images//6/c/5/6c5787c35a4a6ee6586f097c0f1c6ff7_240x180.jpg
281,Hyundai Sonata,$ 15 800,"2016 г., 2 л., автомат седан, бензин руль слева",https://im.mashina.kg/tachka/images//d/f/e/dfea70650fc920e4fe6d9ade8b726745_240x180.jpg
282,Hyundai Palisade,$ 48 900,"2020 г., 2.2 л., автомат внедорожник 5 дв., дизель руль слева, 34 000 км",https://im.mashina.kg/tachka/images//e/c/3/ec392c44f4ef388929ef8666739b5934_240x180.jpg
283,Opel Zafira,$ 5 500,"2004 г., 1.8 л., механика компактвэн, бензин руль слева",https://im.mashina.kg/tachka/images//2/0/2/20269c79ad9de63e166c6e8631a04a98_240x180.jpg
284,Honda CR-V,$ 41 500,"2021 г., 1.5 л., вариатор внедорожник 5 дв., бензин руль слева, 59 000 км",https://im.mashina.kg/tachka/images//f/9/5/f95f83722fe106f36dcdbe2feb7a438a_240x180.jpg
285,Hyundai Tucson,$ 41 900,"2021 г., 2 л., автомат внедорожник 5 дв., дизель руль слева, 10 000 км",https://im.mashina.kg/tachka/images//7/8/9/7892f39535f9920e9456bd4506f48f64_240x180.jpg
286,Toyota Avensis Verso,$ 7 728,"2002 г., 2 л., механика компактвэн, бензин руль слева, 30 405 км",https://im.mashina.kg/tachka/images//4/9/0/490250392b02f43715430fc1393b3d7f_240x180.jpg
287,Daewoo Matiz,$ 140 000,"2007 г., 0.8 л., механика хэтчбек 5 дв., бензин руль слева, 155 000 км",https://im.mashina.kg/tachka/images//4/f/5/4f5ef42c3b512ed5c53bd644f555872b_240x180.jpg
288,Mercedes-Benz C-Класс,$ 4 268,"1996 г., 1.8 л., механика седан, бензин руль слева, 287 000 км",https://im.mashina.kg/tachka/images//5/7/1/571629e58f7904c7d4a49019ea7fcd69_240x180.jpg
289,Nissan Maxima,$ 5 500,"2003 г., 2 л., автомат седан, бензин руль слева",https://im.mashina.kg/tachka/images//d/2/1/d21ff605245ba409251fdfca8d7718dc_240x180.jpg
290,Mercedes-Benz C-Класс,$ 5 306,"1997 г., 1.8 л., механика седан, бензин руль слева, 3 340 км",https://im.mashina.kg/tachka/images//3/0/8/3080154f17450bbf86c61cc6159eae45_240x180.jpg
291,Lexus RX,$ 9 800,"2003 г., 3 л., автомат внедорожник 5 дв., бензин руль справа, 180 000 км",https://im.mashina.kg/tachka/images//8/7/a/87a0890c2f0f0d450433dec7ee1a25ed_240x180.jpg
292,Nissan Primera,$ 3 460,"2002 г., 1.8 л., автомат универсал, бензин руль справа, 303 940 км",https://im.mashina.kg/tachka/images//9/5/7/95761355edc3175249d6ed151d5ebf75_240x180.jpg
293,Daewoo Nexia,$ 1 903,"2003 г., 1.6 л., механика седан, бензин руль слева, 3 200 км",https://im.mashina.kg/tachka/images//9/e/7/9e794240706abfa07aab2c8d75f898cc_240x180.jpg
294,Daewoo Tico,$ 1 730,"1996 г., 0.8 л., механика хэтчбек 5 дв., бензин руль слева, 3 000 км",https://im.mashina.kg/tachka/images//8/0/7/807d8fcb1a3e56c04db4278fb720be93_240x180.jpg
295,Mitsubishi Grandis,$ 8 900,"2004 г., 2.4 л., автомат минивэн, бензин руль справа, 165 000 км",https://im.mashina.kg/tachka/images//b/b/f/bbf5956f8bad32aa0794701907c4a0a9_240x180.jpg
296,Nissan Micra,$ 6 500,"2008 г., 1.2 л., механика хэтчбек 5 дв., бензин руль слева",https://im.mashina.kg/tachka/images//d/3/3/d338aef807f9a122bd025286db5faaa4_240x180.jpg
297,Daewoo Damas,$ 2 191,"1997 г., 0.8 л., механика микровэн, бензин руль слева, 155 000 км",No picher
298,Honda Civic,$ 5 500,"2002 г., 1.4 л., механика хэтчбек 5 дв., бензин руль слева, 222 111 км",https://im.mashina.kg/tachka/images//9/4/7/947a1a0898709c064d26efe732281534_240x180.jpg
299,Toyota Wish,$ 7 500,"2003 г., 1.8 л., автомат компактвэн, бензин руль справа, 190 190 км",https://im.mashina.kg/tachka/images//f/d/3/fd34663faafe9d52448887cc3c349a83_240x180.jpg
300,Kia K5 II Седан,$ 13 900,"2017 г., 2 л., автомат седан, газ руль слева, 122 000 км",https://im.mashina.kg/tachka/images//c/6/a/c6a52270a96790c92965ecb5f50cf750_240x180.jpg
301,Lexus RX,$ 10 500,"2002 г., 3 л., автомат внедорожник 5 дв., бензин руль слева, 300 000 км",https://im.mashina.kg/tachka/images//3/f/8/3f8938cc7e9270fb65012bbec93ea414_240x180.jpg
302,Lexus LX,$ 39 000,"2008 г., 5.7 л., автомат внедорожник 5 дв., бензин руль слева, 150 423 км",https://im.mashina.kg/tachka/images//b/7/1/b71f251514ae304ff1ff805706fcf86f_240x180.jpg
303,Honda Inspire,$ 9 700,"2004 г., 3 л., автомат седан, бензин руль справа",https://im.mashina.kg/tachka/images//4/5/e/45eca2a1c9ca02a55596fb9a625dd09c_240x180.jpg
304,Hyundai Sonata,$ 11 400,"2016 г., 2 л., автомат седан, газ руль слева, 173 000 км",https://im.mashina.kg/tachka/images//7/c/3/7c30f37564fffd5de4bbfd651e8272e9_240x180.jpg
305,Toyota Wish,$ 9 800,"2004 г., 1.8 л., вариатор компактвэн, бензин руль справа",https://im.mashina.kg/tachka/images//0/4/2/0425ebf843ecfaf93fc0311aec7c1b13_240x180.jpg
306,Mercedes-Benz S-класс,$ 14 500,"2006 г., 5.5 л., автомат седан, бензин руль слева, 195 127 км",https://im.mashina.kg/tachka/images//f/f/5/ff56aaef8c8d42f48e4061e8032d9668_240x180.jpg
307,Honda Fit,$ 6 793,"2003 г., 1.3 л., вариатор хэтчбек 5 дв., бензин руль справа, 38 150 км",https://im.mashina.kg/tachka/images//c/c/2/cc2c6ab805f29de6cb15f026ac3ff105_240x180.jpg
308,Kia K5 II Седан,$ 16 000,"2018 г., 2 л., автомат седан, газ руль слева, 257 000 км",https://im.mashina.kg/tachka/images//a/b/0/ab095da463f85a996a0c1a54cbeca3c4_240x180.jpg
309,Mitsubishi Pajero,$ 12 900,"2003 г., 3 л., автомат внедорожник 5 дв., бензин руль справа",https://im.mashina.kg/tachka/images//6/f/d/6fd4789310eb2d33d3b87ba880e7bf57_240x180.jpg
310,Toyota Land Cruiser Prado,$ 26 999,"2010 г., 2.7 л., автомат внедорожник 5 дв., бензин руль слева, 176 000 км",https://im.mashina.kg/tachka/images//9/9/2/992a1bdccadc28d33b2da219a2e31095_240x180.jpg
311,Kia K5 II Седан,$ 13 600,"2015 г., 2 л., автомат седан, газ руль слева, 145 000 км",https://im.mashina.kg/tachka/images//f/b/5/fb53078ed0855300567c534e64051784_240x180.jpg
312,Toyota Ipsum,$ 9 700,"2003 г., 2.4 л., автомат компактвэн, бензин руль справа",https://im.mashina.kg/tachka/images//9/8/c/98caef3e7465f66ef45ae55ae88a6fb3_240x180.jpg
313,Volkswagen Passat,$ 3 806,"1995 г., 1.8 л., механика универсал, бензин руль слева, 275 115 км",https://im.mashina.kg/tachka/images//7/8/5/785f95395fb039f4ed2711aef84a2305_240x180.jpg
314,Mercedes-Benz E-класс,$ 11 500,"2007 г., 3.5 л., автомат седан, бензин руль слева, 300 000 км",https://im.mashina.kg/tachka/images//4/0/5/4051d8a59868790be1b65e9f2f275887_240x180.jpg
315,Honda Avancier,$ 7 600,"2003 г., 2.3 л., автомат универсал, бензин руль справа, 354 000 км",https://im.mashina.kg/tachka/images//e/1/8/e186c50b9776a0e99a2239897a72bb17_240x180.jpg
316,Kia K5 II Седан,$ 14 200,"2016 г., 2 л., автомат седан, газ руль слева, 114 000 км",https://im.mashina.kg/tachka/images//6/3/5/63516e960bb4114050cf4ab3bdd657b9_240x180.jpg
317,Mercedes-Benz S-класс,$ 5 882,"1999 г., 3.2 л., автомат седан, бензин руль слева, 258 258 км",https://im.mashina.kg/tachka/images//d/c/b/dcb722fd50ecdaedf952f9c580a41421_240x180.jpg
318,Honda Fit,$ 8 500,"2007 г., 1.5 л., автомат хэтчбек 5 дв., бензин руль слева, 91 076 км",https://im.mashina.kg/tachka/images//b/e/6/be6e196741af2a564ce90d69b7b4b403_240x180.jpg
319,Hyundai Avante,$ 27 000,"2022 г., 1.6 л., автомат седан, бензин руль слева, 285 км",https://im.mashina.kg/tachka/images//2/d/c/2dc81bac8137979435a3bfb5df4ed4a8_240x180.jpg
320,Toyota Camry,$ 4 800,"1997 г., 2.2 л., автомат универсал, бензин руль справа, 1 211 км",No picher
321,Toyota Estima,$ 11 500,"2010 г., 2.4 л., вариатор минивэн, бензин руль справа, 150 000 км",https://im.mashina.kg/tachka/images//8/0/e/80eaf08dba4561b5c36140f0ccbf63f9_240x180.jpg
322,Lexus ES,$ 24 500,"2013 г., 2.5 л., вариатор седан, гибрид руль слева, 130 000 км",https://im.mashina.kg/tachka/images//c/e/4/ce44f1f84875940024a862ce74d0e6ea_240x180.jpg
323,Honda Jazz,$ 8 700,"2005 г., 1.3 л., механика хэтчбек 5 дв., бензин руль слева",https://im.mashina.kg/tachka/images//d/4/9/d4941a9db85fcacbf52ad6a941517d97_240x180.jpg
324,Kia K5 II Седан,$ 15 000,"2016 г., 2 л., автомат седан, газ руль слева, 181 000 км",https://im.mashina.kg/tachka/images//f/1/9/f19a54d88bf823d36f4b52418c7eaa2d_240x180.jpg
325,Nissan X-Trail,$ 8 200,"2003 г., 2 л., автомат внедорожник 5 дв., бензин руль слева, 2 000 км",https://im.mashina.kg/tachka/images//7/1/2/7121902c7abc0fec716abf298d4ab3e6_240x180.jpg
326,BMW 5 Серия,$ 36 000,"2019 г., 2 л., автомат седан, бензин руль слева, 44 200 км",https://im.mashina.kg/tachka/images//3/1/5/31583cbda56e565bf7a8a862e75b384b_240x180.jpg
327,Toyota RAV4,$ 11 700,"2006 г., 3.5 л., автомат внедорожник 5 дв., бензин руль слева, 197 999 км",https://im.mashina.kg/tachka/images//1/d/5/1d5e7aea3de1937610bb5e7fd9e2846f_240x180.jpg
328,Honda Fit,$ 6 700,"2003 г., 1.3 л., вариатор хэтчбек 5 дв., бензин руль справа, 245 000 км",https://im.mashina.kg/tachka/images//7/3/7/737ebe3aca5c7536e4b31df8a9cdec7f_240x180.jpg
329,Toyota Wish,$ 9 400,"2004 г., 1.8 л., автомат компактвэн, бензин руль справа, 190 000 км",https://im.mashina.kg/tachka/images//4/6/5/4657d07c3656e91c940ed3e086359c87_240x180.jpg
330,Lexus RX,$ 14 000,"2003 г., 3 л., автомат внедорожник 5 дв., бензин руль слева, 195 000 км",https://im.mashina.kg/tachka/images//8/a/a/8aa81f4c40a5ab932f3c0a525a8a45d3_240x180.jpg
331,Honda Legend,$ 9 500,"2007 г., 3.5 л., автомат седан, бензин руль слева, 254 656 км",https://im.mashina.kg/tachka/images//5/7/a/57a2974bc8c4d7c71ba2336ec52472e9_240x180.jpg
332,Chevrolet Volt,$ 20 700,"2017 г., 1.5 л., вариатор хэтчбек 5 дв., гибрид руль слева, 91 000 км",https://im.mashina.kg/tachka/images//c/6/0/c6044018527bd97090d9738f78902673_240x180.jpg
333,Toyota Sequoia,$ 33 500,"2008 г., 5.7 л., автомат внедорожник 5 дв., бензин руль слева, 190 000 км",https://im.mashina.kg/tachka/images//0/7/e/07eac5ae039deb0c33937c55db9850ef_240x180.jpg
334,Lexus LX,$ 53 500,"2012 г., 5.7 л., автомат внедорожник 5 дв., бензин руль слева, 191 000 км",https://im.mashina.kg/tachka/images//a/1/9/a195dd450ecacf6882a9da43aaf645b3_240x180.jpg
335,BMW X5,$ 44 700,"2016 г., 3 л., автомат внедорожник 5 дв., дизель руль слева, 187 000 км",https://im.mashina.kg/tachka/images//d/4/4/d4454462c16e82ee6b520f8d114e0e5d_240x180.jpg
336,Toyota Camry,$ 17 800,"2014 г., 2.5 л., автомат седан, бензин руль слева, 100 000 км",https://im.mashina.kg/tachka/images//c/e/5/ce586cb64899d5b7823d2b74004f89a0_240x180.jpg
337,Toyota RAV4,$ 7 497,"2003 г., 2 л., механика внедорожник 5 дв., дизель руль слева",https://im.mashina.kg/tachka/images//2/3/f/23fa2ba23e69db4b632eb975a2131a2b_240x180.jpg
338,Nissan Patrol,$ 10 500,"2000 г., 3 л., автомат внедорожник 5 дв., дизель руль слева, 310 000 км",https://im.mashina.kg/tachka/images//a/7/0/a703ac8d45459e170051d55d78f68917_240x180.jpg
339,Chevrolet Matiz,$ 4 556,"2008 г., 1 л., механика хэтчбек 5 дв., бензин руль слева, 222 200 км",https://im.mashina.kg/tachka/images//8/7/1/8713801ff622573aa788e66aac4b2e27_240x180.jpg
340,Subaru Legacy,$ 7 400,"2005 г., 2 л., автомат седан, бензин руль справа, 240 000 км",https://im.mashina.kg/tachka/images//9/6/f/96fe604c9928e56af54420f9133dfa78_240x180.jpg
341,Lexus GX,$ 32 800,"2009 г., 4.7 л., автомат внедорожник 5 дв., бензин руль слева, 164 000 км",https://im.mashina.kg/tachka/images//d/3/5/d3504cbeeb529486191856bc51218841_240x180.jpg
342,Hyundai Santa Fe,$ 30 900,"2019 г., 2 л., автомат внедорожник 5 дв., дизель руль слева, 75 000 км",https://im.mashina.kg/tachka/images//c/6/1/c618c097739848f1c381adcccf0128be_240x180.jpg
343,Kia Sportage,$ 31 000,"2020 г., 2 л., автомат внедорожник 5 дв., бензин руль слева, 33 000 км",https://im.mashina.kg/tachka/images//2/2/2/22242e18a318332f8fb587310782f6d1_240x180.jpg
344,Hyundai Palisade,$ 50 900,"2020 г., 2.2 л., автомат внедорожник 5 дв., дизель руль слева, 53 000 км",https://im.mashina.kg/tachka/images//9/4/5/9453dcdf130793c30827940275a7a061_240x180.jpg
345,Ford F-150,$ 14 000,"2006 г., 4.2 л., автомат пикап полуторная кабина, бензин руль слева",https://im.mashina.kg/tachka/images//1/6/5/1656873eb659566c66f94ba39a359144_240x180.jpg
346,Toyota Land Cruiser Prado,$ 45 500,"2016 г., 2.7 л., автомат внедорожник 5 дв., бензин руль слева, 95 000 км",https://im.mashina.kg/tachka/images//0/2/4/02463d08887976f48526410e277c8ee7_240x180.jpg
347,Subaru Forester,$ 16 800,"2016 г., 2.5 л., вариатор внедорожник 5 дв., бензин руль слева, 120 000 км",https://im.mashina.kg/tachka/images//b/7/e/b7ea1d09736fd0fabfce37aeb5e7d498_240x180.jpg
348,Audi A6,$ 4 000,"1995 г., 2.6 л., механика седан, бензин руль слева, 265 805 км",https://im.mashina.kg/tachka/images//0/d/5/0d5732d926448f18603ed0badbd6b834_240x180.jpg
349,Mitsubishi Colt,$ 6 000,"2003 г., 1.3 л., вариатор хэтчбек 5 дв., бензин руль справа, 200 000 км",https://im.mashina.kg/tachka/images//0/b/e/0bed6fdd17bdf35c82a6e812641be1ad_240x180.jpg
350,Lexus RX,$ 17 500,"2005 г., 3.3 л., автомат внедорожник 5 дв., бензин руль слева, 277 000 км",https://im.mashina.kg/tachka/images//d/c/0/dc03808cd312d5bd49699bd88373c92f_240x180.jpg
351,Honda Stepwgn,$ 11 500,"2004 г., 2 л., автомат минивэн, бензин руль справа, 164 000 км",https://im.mashina.kg/tachka/images//d/8/e/d8e95746e4efd30e1cccf57cc3ed4ebf_240x180.jpg
352,Volkswagen Passat,$ 4 152,"1992 г., 1.8 л., механика универсал, бензин руль слева, 294 000 км",https://im.mashina.kg/tachka/images//8/6/e/86e9f95121c0dcdd5346acdf47a983c2_240x180.jpg
353,Toyota Land Cruiser,$ 80 000,"2022 г., 4 л., автомат внедорожник 5 дв., бензин руль слева, 1 км",https://im.mashina.kg/tachka/images//b/3/d/b3d0add8024a13bca9c7c7e05a74ca2a_240x180.jpg
354,Daewoo Matiz,$ 2 653,"2003 г., 0.8 л., механика хэтчбек 5 дв., бензин руль слева, 200 000 км",https://im.mashina.kg/tachka/images//d/b/b/dbbc873b4626c02064f0b5d32c2c0134_240x180.jpg
355,Kia K5 II Седан,$ 16 300,"2017 г., 2 л., автомат седан, газ руль слева, 159 000 км",https://im.mashina.kg/tachka/images//a/0/e/a0e3b22b2ad29c59dc0ddea0115d77cd_240x180.jpg
356,Toyota Land Cruiser,$ 100 000,"2022 г., 4 л., автомат внедорожник 5 дв., бензин руль слева, 1 км",https://im.mashina.kg/tachka/images//a/c/9/ac9ee345d0becfae5a43caacfcda7362_240x180.jpg
357,Subaru Forester,$ 16 500,"2016 г., 2.5 л., вариатор внедорожник 5 дв., бензин руль слева, 80 000 км",https://im.mashina.kg/tachka/images//5/a/9/5a92914ded4fe656a19a467b72ffc814_240x180.jpg
358,Audi 100,$ 3 864,"1994 г., 2.3 л., механика седан, бензин руль слева, 265 700 км",https://im.mashina.kg/tachka/images//7/0/c/70c5046f25839cafa4fd4bb91bfedeab_240x180.jpg
359,Toyota Camry,$ 16 200,"2013 г., 2.5 л., автомат седан, бензин руль слева, 115 000 км",https://im.mashina.kg/tachka/images//3/9/4/394b9ea11bf2ebffa31b160f90eb50e0_240x180.jpg
360,Toyota Land Cruiser,$ 120 000,"2022 г., 3.4 л., автомат внедорожник 5 дв., бензин руль слева, 1 км",https://im.mashina.kg/tachka/images//4/c/5/4c5e28d05f6cf13e71084e9a2d3d1035_240x180.jpg
361,Mitsubishi Pajero,$ 8 600,"1996 г., 3.5 л., автомат внедорожник 5 дв., бензин руль слева, 382 898 км",https://im.mashina.kg/tachka/images//b/9/0/b90ef221a1804e8bd4752442e6f05862_240x180.jpg
362,Daewoo Lanos (Sens),$ 1 903,"1999 г., 1.5 л., механика седан, бензин руль слева, 32 685 км",https://im.mashina.kg/tachka/images//f/6/0/f6062489e6d7e3bd5a5c1c1df3266f20_240x180.jpg
363,Toyota RAV4,$ 25 000,"2019 г., 2.5 л., автомат внедорожник 5 дв., бензин руль слева, 100 000 км",https://im.mashina.kg/tachka/images//5/1/c/51c6eacb4f19a97f340528cc2b8c4540_240x180.jpg
364,Toyota RAV4,$ 53 000,"2022 г., 2.5 л., вариатор внедорожник 5 дв., гибрид руль слева, 1 км",https://im.mashina.kg/tachka/images//6/0/3/6038af66b7d591329502ab9e448deffa_240x180.jpg
365,BMW 5 Серия,$ 8 074,"1998 г., 2.8 л., механика седан, бензин руль слева, 358 000 км",https://im.mashina.kg/tachka/images//0/e/0/0e013dbd6d83a3b5a7307b3d5b0e760e_240x180.jpg
366,Toyota Highlander,$ 63 000,"2022 г., 2.5 л., автомат внедорожник 5 дв., гибрид руль слева, 1 км",https://im.mashina.kg/tachka/images//6/3/8/63843246704c331fcf0fcc490847e636_240x180.jpg
367,Kia K5 II Седан,$ 15 000,"2017 г., 2 л., автомат седан, газ руль слева, 152 000 км",https://im.mashina.kg/tachka/images//7/7/1/771c14a4b1132a78cd0c445ffb967b16_240x180.jpg
368,Toyota Camry,$ 22 500,"2016 г., 2.5 л., автомат седан, бензин руль слева, 57 555 км",https://im.mashina.kg/tachka/images//8/a/b/8ab0ef45af793a90111d9fe458338da6_240x180.jpg
369,Honda Inspire,$ 9 500,"2003 г., 3 л., автомат седан, бензин руль справа, 34 700 км",https://im.mashina.kg/tachka/images//2/c/1/2c1251a33ad5add266dfc150cd638022_240x180.jpg
370,Toyota FunCargo,$ 5 300,"1999 г., 1.5 л., автомат компактвэн, бензин руль справа, 284 000 км",https://im.mashina.kg/tachka/images//b/1/d/b1defd7699a9f990b83167df49e98114_240x180.jpg
371,Honda Fit,$ 6 800,"2003 г., 1.5 л., вариатор хэтчбек 5 дв., бензин руль справа, 231 000 км",https://im.mashina.kg/tachka/images//c/0/3/c0331da98a5552733baef925e1c6c19a_240x180.jpg
372,Daewoo Nexia,$ 2 307,"2011 г., 1.5 л., механика седан, бензин руль слева, 220 000 км",https://im.mashina.kg/tachka/images//1/5/6/1562503d4a45e100ac413271baf6b5fe_240x180.jpg
373,Lexus ES,$ 25 500,"2013 г., 2.5 л., вариатор седан, гибрид руль слева, 189 000 км",https://im.mashina.kg/tachka/images//e/0/e/e0eeee96a87df13b20e02eccea5e9608_240x180.jpg
374,Honda Fit,$ 8 500,"2006 г., 1.5 л., автомат хэтчбек 5 дв., бензин руль справа, 115 000 км",https://im.mashina.kg/tachka/images//6/6/b/66bfc1324fd86e185f2a9ae55d38c04b_240x180.jpg
375,Lexus LX,$ 39 000,"2010 г., 5.7 л., автомат внедорожник 5 дв., бензин руль слева, 230 000 км",https://im.mashina.kg/tachka/images//5/b/1/5b12a9a037d6128af530ff3ea8da1de9_240x180.jpg
376,Mercedes-Benz C-Класс,$ 6 690,"2001 г., 2 л., автомат седан, бензин руль слева, 265 000 км",https://im.mashina.kg/tachka/images//0/c/5/0c51c40409de144d03c2828300fe069e_240x180.jpg
377,Toyota RAV4,$ 23 500,"2016 г., 2.5 л., автомат внедорожник 5 дв., бензин руль слева, 191 978 км",https://im.mashina.kg/tachka/images//e/e/8/ee8295268308e5766a86d6214cb90de7_240x180.jpg
378,Kia K5 II Седан,$ 12 300,"2018 г., 2 л., автомат седан, газ руль слева, 208 000 км",https://im.mashina.kg/tachka/images//4/c/5/4c57b102fa2d835e46481c7755a41d6d_240x180.jpg
379,Hyundai Santa Fe,$ 22 300,"2016 г., 2 л., автомат внедорожник 5 дв., дизель руль слева, 222 222 км",https://im.mashina.kg/tachka/images//9/f/c/9fc51d0c285c2e01b9d11c2cb735d4b7_240x180.jpg
380,Toyota Kluger,$ 11 300,"2001 г., 2.4 л., автомат внедорожник 5 дв., бензин руль справа, 260 000 км",https://im.mashina.kg/tachka/images//0/b/d/0bd19414ea5ea7d4b5a70756cc8fa8b8_240x180.jpg
381,Toyota Kluger,$ 11 300,"2001 г., 2.4 л., автомат внедорожник 5 дв., бензин руль справа, 260 000 км",https://im.mashina.kg/tachka/images//0/b/d/0bd19414ea5ea7d4b5a70756cc8fa8b8_240x180.jpg
382,Hyundai Solaris,$ 7 500,"2012 г., 1.6 л., механика седан, бензин руль слева, 150 000 км",https://im.mashina.kg/tachka/images//0/4/2/0420085d06c75933b242c0658f723382_240x180.jpg
383,Nissan Primera,$ 4 614,"2002 г., 2 л., вариатор седан, бензин руль справа, 295 452 км",https://im.mashina.kg/tachka/images//1/b/6/1b6885e54815a9b74158194d4b9670b7_240x180.jpg
384,Lexus ES,$ 16 500,"2009 г., 3.5 л., автомат седан, бензин руль слева, 244 000 км",https://im.mashina.kg/tachka/images//d/7/b/d7bd680fb91d0ea73ecd6e2973e2f5a2_240x180.jpg
385,Toyota Camry,$ 11 000,"2004 г., 2.4 л., автомат седан, бензин руль слева, 195 000 км",https://im.mashina.kg/tachka/images//8/4/0/84047c60e51ab4a475106b43aa96f61e_240x180.jpg
386,Daewoo Nexia,$ 1 326,"1999 г., 1.5 л., механика седан, бензин руль слева, 1 000 км",https://im.mashina.kg/tachka/images//2/f/4/2f48746c26760da2e6a6b2d12425886f_240x180.jpg
387,Chevrolet Epica,$ 7 700,"2006 г., 2.5 л., автомат седан, бензин руль слева, 175 000 км",https://im.mashina.kg/tachka/images//b/b/6/bb6b70393fb4481560d2b6786d4ec933_240x180.jpg
388,Kia K7,$ 17 200,"2016 г., 3 л., автомат седан, газ руль слева, 234 444 км",https://im.mashina.kg/tachka/images//8/4/4/8441ab50d168f2e523a73ee5f4b13fe7_240x180.jpg
389,Volkswagen Passat,$ 3 864,"1992 г., 1.8 л., механика универсал, бензин руль слева, 300 000 км",https://im.mashina.kg/tachka/images//4/2/f/42f83dfd976df5b86b7f2cced783d5ff_240x180.jpg
390,Kia K7,$ 23 000,"2016 г., 2.2 л., автомат седан, дизель руль слева, 124 800 км",https://im.mashina.kg/tachka/images//1/9/e/19e8ecad7a3a4fced887f7b3f233706e_240x180.jpg
391,Honda Fit,$ 8 200,"2007 г., 1.3 л., вариатор хэтчбек 5 дв., бензин руль слева, 150 000 км",https://im.mashina.kg/tachka/images//f/e/e/fee93d10c55ee8cf0956eb613c6c3502_240x180.jpg
392,Lexus RX,$ 23 200,"2009 г., 3.5 л., автомат внедорожник 5 дв., бензин руль слева, 144 000 км",https://im.mashina.kg/tachka/images//2/d/a/2dadeb3787e9cb9f2b0f2a9cc31e044a_240x180.jpg
393,Ford Taurus,$ 6 500,"2002 г., 3 л., автомат седан, бензин руль слева, 171 800 км",https://im.mashina.kg/tachka/images//b/b/3/bb374e8eeaa7b061e013e29933d6ff5d_240x180.jpg
394,Toyota Camry,$ 31 000,"2018 г., 2.5 л., автомат седан, бензин руль слева, 64 335 км",https://im.mashina.kg/tachka/images//3/0/0/30078ca0f59cd6ab8cc13fa080029e98_240x180.jpg
395,ВАЗ (Lada) 2131 (4x4) Нива,$ 1 153,"1998 г., 1.7 л., механика внедорожник 5 дв., бензин руль слева, 111 111 км",https://im.mashina.kg/tachka/images//d/d/2/dd28d912aaac9e972e32427076a8a86c_240x180.jpg
396,Ford F-150,$ 120 000,"2013 г., 6.1 л., автомат пикап двойная кабина, бензин руль слева, 280 000 км",https://im.mashina.kg/tachka/images//d/8/d/d8deb16d07509cf6c4b08da8301c9d34_240x180.jpg
397,Toyota Avensis,$ 5 017,"1998 г., 2 л., механика хэтчбек 5 дв., бензин руль слева, 415 000 км",https://im.mashina.kg/tachka/images//c/b/9/cb99f739fb70ddd9ea4094302b5ccb20_240x180.jpg
398,Lexus GX,$ 26 500,"2008 г., 4.7 л., автомат внедорожник 5 дв., бензин руль слева, 158 690 км",https://im.mashina.kg/tachka/images//a/8/6/a86b63b0cb82170d9aae8afbb82fe587_240x180.jpg
399,Lexus LS,$ 17 500,"2005 г., 4.3 л., автомат седан, бензин руль слева, 200 000 км",https://im.mashina.kg/tachka/images//2/6/4/264676f261e9dd9564774b7d57cdc207_240x180.jpg
400,Kia Sportage,$ 18 700,"2016 г., 2 л., автомат внедорожник 5 дв., дизель руль слева, 54 000 км",https://im.mashina.kg/tachka/images//a/4/0/a403c2d6164164376f4346df44ce292a_240x180.jpg
